timestamp, running_counter, activity_class, sleep_class, workout_class, speed, walk_steps, run_steps, bike_steps, walk_distance, run_distance, calories, hr, hr_qi, rssi
1734183551072,297,1,0,0,0,0,0,31,0,0,9,61,0,-60
1734183561043,298,4,0,0,0,0,0,33,0,0,9,61,0,-60
1734183562008,299,4,0,0,0,0,0,35,0,0,9,61,0,-60
1734183563294,300,4,0,0,0,0,0,38,0,0,9,61,0,-60
1734183564259,301,2,0,0,4,2,0,38,0,0,9,61,0,-60
1734183565223,302,2,0,0,5,4,0,38,2,0,9,61,0,-60
1734183566189,303,2,0,0,5,6,0,38,3,0,9,61,0,-60
1734183567153,304,2,0,0,5,8,0,38,5,0,10,61,0,-60
1734183568117,305,2,0,0,5,10,0,38,6,0,10,61,0,-60
1734183569081,306,1,0,0,1,10,0,38,7,0,10,61,0,-60
1734183570047,307,1,0,0,0,10,0,38,7,0,10,61,0,-60
1734183575193,308,2,0,0,1,12,0,38,8,0,10,61,0,-61
1734183576159,309,2,0,0,4,14,0,38,9,0,10,61,0,-61
1734183577123,310,2,0,0,4,15,0,38,10,0,10,61,0,-61
1734183578087,311,2,0,0,4,17,0,38,11,0,10,61,0,-61
1734183579052,312,2,0,0,4,19,0,38,12,0,10,61,0,-61
1734183580018,313,2,0,0,4,20,0,38,13,0,10,61,0,-61
1734183581304,314,1,0,0,4,23,0,38,15,0,10,61,0,-61
1734183582269,315,1,0,0,0,23,0,38,15,0,10,61,0,-61
1734183584200,316,2,0,0,1,23,0,38,15,0,10,61,0,-61
1734183585164,317,2,0,0,3,25,0,38,16,0,10,61,0,-61
1734183586129,318,2,0,0,3,26,0,38,17,0,10,61,0,-61
1734183587094,319,2,0,0,3,28,0,38,18,0,11,61,0,-61
1734183588059,320,2,0,0,3,30,0,38,19,0,11,61,0,-61
1734183589024,321,2,0,0,3,31,0,38,20,0,11,61,0,-61
1734183590311,322,2,0,0,3,33,0,38,22,0,11,61,0,-61
1734183591276,323,2,0,0,3,35,0,38,23,0,11,61,0,-61
1734183592241,324,2,0,0,3,36,0,38,24,0,11,61,0,-61
1734183593206,325,2,0,0,3,38,0,38,25,0,11,61,0,-61
1734183594170,326,2,0,0,3,40,0,38,26,0,11,61,0,-61
1734183595136,327,2,0,0,3,41,0,38,27,0,11,61,0,-61
1734183596101,328,2,0,0,3,43,0,38,28,0,11,61,0,-61
1734183597066,329,2,0,0,3,44,0,38,29,0,11,61,0,-61
1734183598031,330,2,0,0,3,46,0,38,30,0,11,61,0,-61
1734183599318,331,2,0,0,3,48,0,38,31,0,11,61,0,-61
1734183600283,332,2,0,0,3,49,0,38,32,0,11,61,0,-61
1734183601247,333,2,0,0,3,51,0,38,33,0,11,61,0,-61
1734183602211,334,2,0,0,3,52,0,38,33,0,11,61,0,-61
1734183603177,335,2,0,0,3,54,0,38,34,0,12,61,0,-61
1734183604142,336,2,0,0,3,55,0,38,35,0,12,61,0,-61
1734183605107,337,1,0,0,2,57,0,38,36,0,12,61,0,-61
1734183606072,338,1,0,0,0,57,0,38,36,0,12,61,0,-61
1734183608324,339,0,0,0,0,57,0,38,36,0,12,61,0,-61
1734183612183,340,1,0,0,0,57,0,38,36,0,12,61,0,-61
1734183613149,341,0,0,0,0,57,0,38,36,0,12,61,0,-61
1734183622159,342,1,0,0,0,57,0,38,36,0,12,61,0,-63
1734183625054,343,0,0,0,0,57,0,38,36,0,12,61,0,-63
1734183627306,344,1,0,0,0,57,0,38,36,0,12,61,0,-63
1734183636315,345,0,0,0,0,57,0,38,36,0,12,61,0,-63
1734183637281,346,1,0,0,0,57,0,38,36,0,12,61,0,-63
1734183638245,347,0,0,0,0,57,0,38,36,0,12,61,0,-63
1734183639210,348,0,0,0,0,57,0,38,36,0,13,61,0,-63
1734183644035,349,1,0,0,0,57,0,38,36,0,13,61,0,-63
1734183654013,350,4,0,0,0,57,0,39,36,0,13,61,0,-50
1734183655299,351,0,0,0,0,57,0,40,36,0,13,61,0,-50
1734183673318,352,1,0,0,0,57,0,40,36,0,13,61,0,-53
1734183676213,353,2,0,0,1,62,0,40,40,0,13,61,0,-53
1734183677180,354,1,0,0,0,62,0,40,40,0,13,61,0,-53
1734183678145,355,1,0,0,0,62,0,40,40,0,14,61,0,-53
1734183688122,356,4,0,0,0,62,0,41,40,0,14,61,0,-53
1734183689087,357,4,0,0,0,62,0,43,40,0,14,61,0,-53
1734183690053,358,4,0,0,0,62,0,45,40,0,14,61,0,-53
1734183691019,359,4,0,0,0,62,0,47,40,0,14,61,0,-53
1734183692306,360,4,0,0,0,62,0,50,40,0,14,61,0,-53
1734183693272,361,4,0,0,0,62,0,51,40,0,14,61,0,-53
1734183694237,362,4,0,0,0,62,0,53,40,0,14,61,0,-53
1734183695202,363,4,0,0,0,62,0,55,40,0,14,61,0,-53
1734183696168,364,2,0,0,1,62,0,57,40,0,14,61,0,-53
1734183697134,365,1,0,0,1,63,0,57,40,0,14,61,0,-53
1734183698100,366,1,0,0,0,63,0,57,40,0,14,61,0,-53
1734183707110,367,4,0,0,0,63,0,58,40,0,14,61,0,-53
1734183708076,368,4,0,0,0,63,0,61,40,0,14,61,0,-53
1734183709041,369,4,0,0,0,63,0,64,40,0,14,61,0,-53
1734183710006,370,4,0,0,0,63,0,67,40,0,14,61,0,-53
1734183711293,371,4,0,0,0,63,0,71,40,0,14,61,0,-53
1734183712259,372,4,0,0,0,63,0,74,40,0,14,61,0,-53
1734183713224,373,4,0,0,0,63,0,76,40,0,14,61,0,-53
1734183714190,374,4,0,0,0,63,0,79,40,0,14,61,0,-53
1734183715156,375,4,0,0,0,63,0,81,40,0,14,61,0,-53
1734183716120,376,4,0,0,0,63,0,83,40,0,15,61,0,-53
1734183717086,377,4,0,0,0,63,0,86,40,0,15,61,0,-53
1734183718051,378,4,0,0,0,63,0,88,40,0,15,61,0,-53
1734183719017,379,4,0,0,0,63,0,90,40,0,15,61,0,-54
1734183720304,380,1,0,0,0,63,0,90,40,0,15,61,0,-54
1734183730284,381,0,0,0,0,63,0,90,40,0,15,61,0,-54
1734183736078,382,1,0,0,0,63,0,90,40,0,15,61,0,-54
1734183738008,383,2,0,0,4,65,0,90,41,0,15,61,0,-54
1734183739296,384,2,0,0,5,68,0,90,43,0,15,61,0,-54
1734183740262,385,2,0,0,5,69,0,90,44,0,15,61,0,-54
1734183741227,386,1,0,0,1,70,0,90,45,0,15,61,0,-54
1734183742194,387,1,0,0,0,70,0,90,45,0,15,61,0,-54
1734183748308,388,1,0,0,0,70,0,90,45,0,16,61,0,-54
1734183751203,389,4,0,0,0,70,0,90,45,0,16,61,0,-54
1734183752169,390,4,0,0,0,70,0,93,45,0,16,61,0,-54
1734183753135,391,4,0,0,0,70,0,96,45,0,16,61,0,-54
1734183754101,392,4,0,0,0,70,0,99,45,0,16,61,0,-54
1734183755067,393,4,0,0,0,70,0,102,45,0,16,61,0,-54
1734183756032,394,4,0,0,0,70,0,105,45,0,16,61,0,-54
1734183757320,395,4,0,0,0,70,0,109,45,0,16,61,0,-54
1734183758284,396,0,0,0,0,70,0,110,45,0,16,61,0,-54
1734183764076,397,1,0,0,0,70,0,110,45,0,16,61,0,-54
1734183766007,398,2,0,0,1,71,0,110,45,0,16,61,0,-54
1734183767295,399,1,0,0,0,71,0,110,45,0,16,61,0,-54
1734183774053,400,0,0,0,0,71,0,110,45,0,16,61,0,-53
1734183781134,401,1,0,0,0,71,0,110,45,0,16,61,0,-53
1734183787252,402,0,0,0,0,71,0,110,45,0,17,61,0,-53
1734183797233,403,1,0,0,0,71,0,110,45,0,17,61,0,-49
1734183799164,404,2,0,0,1,75,0,110,47,0,17,61,0,-49
1734183800130,405,1,0,0,0,75,0,110,47,0,17,61,0,-49
1734183802061,406,2,0,0,1,76,0,110,47,0,17,61,0,-49
1734183803028,407,2,0,0,1,77,0,110,48,0,17,61,0,-49
1734183804315,408,2,0,0,1,78,0,110,48,0,17,61,0,-49
1734183805281,409,2,0,0,2,79,0,110,49,0,17,61,0,-49
1734183806246,410,2,0,0,2,81,0,110,50,0,17,61,0,-49
1734183807211,411,2,0,0,2,82,0,110,50,0,17,61,0,-49
1734183808177,412,1,0,0,0,82,0,110,50,0,17,61,0,-49
1734183816224,413,0,0,0,0,82,0,110,50,0,17,61,0,-49
1734183821052,414,1,0,0,0,82,0,110,50,0,17,61,0,-51
1734183822018,415,0,0,0,0,82,0,110,50,0,18,61,0,-51
1734183863221,416,0,0,0,0,82,0,110,50,0,19,61,0,-51
1734183904111,417,0,0,0,0,82,0,110,50,0,20,61,0,-52
1734183944034,418,0,0,0,0,82,0,110,50,0,21,61,0,-65
1734183985241,419,0,0,0,0,82,0,110,50,0,22,61,0,-68
1734184012283,420,1,0,0,0,82,0,110,50,0,22,61,0,-63
1734184016147,421,2,0,0,1,86,0,110,53,0,22,61,0,-63
1734184017112,422,2,0,0,4,87,0,110,53,0,22,61,0,-63
1734184018078,423,2,0,0,5,89,0,110,55,0,22,61,0,-63
1734184019044,424,2,0,0,4,91,0,110,56,0,22,61,0,-62
1734184020010,425,1,0,0,3,92,0,110,57,0,23,61,0,-62
1734184021298,426,1,0,0,0,92,0,110,57,0,23,61,0,-62
1734184022264,427,1,0,0,3,93,0,110,57,0,23,61,0,-62
1734184023230,428,1,0,0,0,93,0,110,57,0,23,61,0,-62
1734184031280,429,2,0,0,4,95,0,110,58,0,23,61,0,-62
1734184032245,430,2,0,0,5,97,0,110,60,0,23,61,0,-62
1734184033211,431,2,0,0,5,99,0,110,61,0,23,61,0,-62
1734184034177,432,2,0,0,5,101,0,110,63,0,23,61,0,-62
1734184035143,433,2,0,0,5,103,0,110,64,0,23,61,0,-62
1734184036109,434,2,0,0,5,105,0,110,66,0,23,61,0,-62
1734184037074,435,2,0,0,4,106,0,110,67,0,23,61,0,-62
1734184038040,436,1,0,0,1,107,0,110,68,0,23,61,0,-62
1734184039006,437,2,0,0,0,107,0,110,68,0,23,61,0,-62
1734184040293,438,2,0,0,0,108,0,110,68,0,23,61,0,-62
1734184041259,439,2,0,0,1,109,0,110,68,0,23,61,0,-62
1734184042225,440,2,0,0,2,110,0,110,69,0,24,61,0,-66
1734184043192,441,2,0,0,2,111,0,110,69,0,24,61,0,-66
1734184044157,442,2,0,0,2,113,0,110,70,0,24,61,0,-66
1734184045122,443,2,0,0,2,114,0,110,70,0,24,61,0,-66
1734184046089,444,2,0,0,3,115,0,110,71,0,24,61,0,-66
1734184047055,445,2,0,0,2,116,0,110,72,0,24,61,0,-66
1734184048021,446,2,0,0,3,118,0,110,72,0,24,61,0,-66
1734184049309,447,2,0,0,2,120,0,110,74,0,24,61,0,-66
1734184050276,448,2,0,0,2,121,0,110,74,0,24,61,0,-66
1734184051242,449,2,0,0,2,122,0,110,75,0,24,61,0,-66
1734184052207,450,2,0,0,2,123,0,110,75,0,24,61,0,-66
1734184053173,451,2,0,0,2,124,0,110,76,0,24,61,0,-66
1734184054139,452,2,0,0,2,126,0,110,77,0,24,61,0,-66
1734184055105,453,2,0,0,2,127,0,110,77,0,24,61,0,-66
1734184056071,454,2,0,0,2,128,0,110,78,0,24,61,0,-66
1734184057036,455,2,0,0,2,129,0,110,78,0,24,61,0,-66
1734184058003,456,2,0,0,2,131,0,110,79,0,24,61,0,-66
1734184059291,457,1,0,0,1,132,0,110,80,0,24,61,0,-66
1734184060258,458,1,0,0,0,132,0,110,80,0,24,61,0,-66
1734184065091,459,2,0,0,1,132,0,110,80,0,25,61,0,-66
1734184066056,460,2,0,0,2,134,0,110,80,0,25,61,0,-67
1734184067023,461,2,0,0,2,135,0,110,81,0,25,61,0,-67
1734184068311,462,2,0,0,2,136,0,110,82,0,25,61,0,-67
1734184069278,463,2,0,0,2,138,0,110,82,0,25,61,0,-67
1734184070243,464,2,0,0,2,139,0,110,83,0,25,61,0,-67
1734184071209,465,2,0,0,2,140,0,110,84,0,25,61,0,-67
1734184072176,466,2,0,0,2,141,0,110,84,0,25,61,0,-67
1734184073142,467,2,0,0,3,143,0,110,85,0,25,61,0,-67
1734184074108,468,2,0,0,3,144,0,110,86,0,25,61,0,-67
1734184075075,469,2,0,0,3,146,0,110,87,0,25,61,0,-67
1734184076040,470,2,0,0,3,147,0,110,88,0,25,61,0,-67
1734184077007,471,2,0,0,3,149,0,110,88,0,25,61,0,-67
1734184078294,472,2,0,0,3,151,0,110,90,0,25,61,0,-67
1734184079260,473,2,0,0,3,152,0,110,90,0,25,61,0,-67
1734184080227,474,2,0,0,3,153,0,110,91,0,25,61,0,-67
1734184081193,475,2,0,0,3,155,0,110,92,0,25,61,0,-67
1734184082159,476,2,0,0,3,156,0,110,93,0,25,61,0,-67
1734184083125,477,2,0,0,3,158,0,110,94,0,25,61,0,-67
1734184084091,478,2,0,0,3,159,0,110,95,0,26,61,0,-67
1734184085058,479,2,0,0,3,161,0,110,95,0,26,61,0,-67
1734184086023,480,2,0,0,3,162,0,110,96,0,26,61,0,-67
1734184087311,481,2,0,0,3,164,0,110,97,0,26,61,0,-67
1734184088277,482,2,0,0,3,165,0,110,98,0,26,61,0,-69
1734184089243,483,2,0,0,3,167,0,110,99,0,26,61,0,-69
1734184090209,484,2,0,0,3,168,0,110,100,0,26,61,0,-69
1734184091174,485,2,0,0,3,170,0,110,101,0,26,61,0,-69
1734184092140,486,2,0,0,3,171,0,110,101,0,26,61,0,-69
1734184093106,487,2,0,0,3,172,0,110,102,0,26,61,0,-69
1734184094073,488,2,0,0,3,174,0,110,103,0,26,61,0,-69
1734184095038,489,2,0,0,3,175,0,110,104,0,26,61,0,-69
1734184096004,490,2,0,0,3,177,0,110,105,0,26,61,0,-69
1734184097292,491,2,0,0,3,179,0,110,106,0,26,61,0,-69
1734184098258,492,2,0,0,3,180,0,110,107,0,26,61,0,-69
1734184099224,493,2,0,0,3,181,0,110,108,0,26,61,0,-69
1734184100191,494,2,0,0,2,183,0,110,108,0,26,61,0,-69
1734184101156,495,2,0,0,2,184,0,110,109,0,26,61,0,-69
1734184102122,496,2,0,0,2,186,0,110,110,0,27,61,0,-69
1734184103089,497,2,0,0,2,187,0,110,111,0,27,61,0,-69
1734184104054,498,2,0,0,2,188,0,110,112,0,27,61,0,-69
1734184105021,499,2,0,0,2,190,0,110,112,0,27,61,0,-69
1734184106308,500,2,0,0,2,192,0,110,113,0,27,61,0,-69
1734184107274,501,2,0,0,2,193,0,110,114,0,27,61,0,-69
1734184108240,502,2,0,0,2,194,0,110,115,0,27,61,0,-69
1734184109205,503,2,0,0,3,196,0,110,116,0,27,61,0,-69
1734184110171,504,2,0,0,3,197,0,110,117,0,27,61,0,-74
1734184111138,505,2,0,0,3,199,0,110,117,0,27,61,0,-74
1734184112104,506,2,0,0,3,200,0,110,118,0,27,61,0,-74
1734184113069,507,2,0,0,3,202,0,110,119,0,27,61,0,-74
1734184114035,508,2,0,0,3,203,0,110,120,0,27,61,0,-74
1734184115323,509,2,0,0,3,205,0,110,121,0,27,61,0,-74
1734184116288,510,2,0,0,3,207,0,110,122,0,27,61,0,-74
1734184117255,511,2,0,0,3,208,0,110,123,0,27,61,0,-74
1734184118221,512,2,0,0,3,210,0,110,124,0,27,61,0,-74
1734184119187,513,2,0,0,3,211,0,110,125,0,28,61,0,-74
1734184120153,514,1,0,0,2,213,0,110,126,0,28,61,0,-74
1734184121119,515,2,0,0,2,213,0,110,126,0,28,61,0,-74
1734184122085,516,2,0,0,3,215,0,110,127,0,28,61,0,-74
1734184123050,517,2,0,0,3,216,0,110,128,0,28,61,0,-74
1734184124017,518,2,0,0,3,218,0,110,129,0,28,61,0,-74
1734184125305,519,2,0,0,2,219,0,110,130,0,28,61,0,-74
1734184126270,520,2,0,0,2,221,0,110,130,0,28,61,0,-74
1734184127237,521,2,0,0,2,222,0,110,131,0,28,61,0,-74
1734184128202,522,2,0,0,2,223,0,110,131,0,28,61,0,-74
1734184129169,523,2,0,0,2,224,0,110,132,0,28,61,0,-74
1734184130135,524,2,0,0,3,226,0,110,133,0,28,61,0,-74
1734184131100,525,2,0,0,3,227,0,110,134,0,28,61,0,-74
1734184132066,526,2,0,0,3,229,0,110,135,0,28,61,0,-74
1734184133032,527,2,0,0,3,230,0,110,135,0,28,61,0,-62
1734184134320,528,2,0,0,3,232,0,110,136,0,28,61,0,-62
1734184135285,529,2,0,0,3,233,0,110,137,0,28,61,0,-62
1734184136251,530,2,0,0,3,235,0,110,138,0,28,61,0,-62
1734184137217,531,2,0,0,3,236,0,110,139,0,28,61,0,-62
1734184138182,532,2,0,0,3,238,0,110,140,0,29,61,0,-62
1734184139149,533,2,0,0,3,239,0,110,141,0,29,61,0,-62
1734184140115,534,2,0,0,3,241,0,110,142,0,29,61,0,-62
1734184141080,535,2,0,0,3,242,0,110,143,0,29,61,0,-62
1734184142047,536,2,0,0,3,244,0,110,143,0,29,61,0,-62
1734184143012,537,2,0,0,3,245,0,110,144,0,29,61,0,-62
1734184144301,538,2,0,0,3,247,0,110,145,0,29,61,0,-62
1734184145267,539,2,0,0,3,248,0,110,146,0,29,61,0,-62
1734184146233,540,2,0,0,3,250,0,110,147,0,29,61,0,-62
1734184147200,541,2,0,0,3,251,0,110,148,0,29,61,0,-62
1734184148164,542,2,0,0,3,253,0,110,149,0,29,61,0,-62
1734184149131,543,2,0,0,3,254,0,110,150,0,29,61,0,-62
1734184150098,544,2,0,0,3,256,0,110,151,0,29,61,0,-62
1734184151064,545,2,0,0,1,257,0,110,152,0,29,61,0,-62
1734184152030,546,2,0,0,2,259,0,110,152,0,29,61,0,-62
1734184153318,547,2,0,0,3,261,0,110,153,0,29,61,0,-62
1734184154284,548,2,0,0,3,262,0,110,154,0,29,61,0,-62
1734184155251,549,2,0,0,3,263,0,110,155,0,29,61,0,-62
1734184156217,550,2,0,0,3,265,0,110,156,0,30,61,0,-75
1734184157184,551,2,0,0,3,266,0,110,157,0,30,61,0,-75
1734184158151,552,1,0,0,0,267,0,110,157,0,30,61,0,-75
1734184160083,553,0,0,0,0,267,0,110,157,0,30,61,0,-75
1734184163306,554,1,0,0,0,267,0,110,157,0,30,61,0,-75
1734184166204,555,2,0,0,4,268,0,110,157,0,30,61,0,-75
1734184167170,556,2,0,0,5,270,0,110,159,0,30,61,0,-75
1734184168136,557,2,0,0,5,272,0,110,160,0,30,61,0,-75
1734184169103,558,2,0,0,3,273,0,110,161,0,30,61,0,-75
1734184170068,559,2,0,0,3,275,0,110,162,0,30,61,0,-75
1734184171034,560,2,0,0,4,276,0,110,163,0,30,61,0,-75
1734184172323,561,2,0,0,4,279,0,110,165,0,30,61,0,-75
1734184173288,562,2,0,0,3,280,0,110,166,0,30,61,0,-75
1734184174255,563,2,0,0,2,281,0,110,166,0,30,61,0,-75
1734184175220,564,2,0,0,2,283,0,110,167,0,30,61,0,-75
1734184176186,565,2,0,0,2,284,0,110,168,0,30,61,0,-75
1734184177153,566,2,0,0,3,286,0,110,169,0,31,61,0,-75
1734184178117,567,2,0,0,2,287,0,110,170,0,31,61,0,-75
1734184179084,568,2,0,0,2,288,0,110,170,0,31,61,0,-75
1734184180050,569,2,0,0,3,290,0,110,171,0,31,61,0,-60
1734184181017,570,2,0,0,3,291,0,110,172,0,31,61,0,-60
1734184182304,571,2,0,0,3,293,0,110,173,0,31,61,0,-60
1734184183270,572,2,0,0,3,295,0,110,174,0,31,61,0,-60
1734184184237,573,2,0,0,3,296,0,110,175,0,31,61,0,-60
1734184185202,574,2,0,0,3,297,0,110,176,0,31,61,0,-60
1734184186168,575,2,0,0,3,299,0,110,176,0,31,61,0,-60
1734184187134,576,1,0,0,1,299,0,110,177,0,31,61,0,-60
1734184188101,577,1,0,0,0,299,0,110,177,0,31,61,0,-60
1734184195184,578,0,0,0,0,299,0,110,177,0,31,61,0,-60
1734184204198,579,0,0,0,0,299,0,110,177,0,32,61,0,-60
1734184226094,580,1,0,0,0,299,0,110,177,0,32,61,0,-59
1734184232212,581,0,0,0,0,299,0,110,177,0,32,61,0,-59
1734184245095,582,0,0,0,0,299,0,110,177,0,33,61,0,-70
1734184256044,583,2,0,0,0,301,0,110,178,0,33,61,0,-70
1734184257011,584,2,0,0,2,302,0,110,178,0,33,61,0,-70
1734184258299,585,2,0,0,3,304,0,110,179,0,33,61,0,-70
1734184259265,586,2,0,0,3,306,0,110,180,0,33,61,0,-64
1734184260231,587,2,0,0,3,307,0,110,181,0,33,61,0,-64
1734184261198,588,1,0,0,0,307,0,110,181,0,33,61,0,-64
1734184271180,589,4,0,0,0,307,0,112,181,0,33,61,0,-64
1734184272146,590,4,0,0,0,307,0,116,181,0,33,61,0,-64
1734184273112,591,4,0,0,0,307,0,119,181,0,33,61,0,-64
1734184274079,592,0,0,0,0,307,0,121,181,0,33,61,0,-64
1734184279236,593,0,0,0,0,307,0,121,181,0,34,61,0,-64
1734184285034,594,1,0,0,0,307,0,121,181,0,34,61,0,-64
1734184286322,595,2,0,0,3,309,0,121,182,0,34,61,0,-64
1734184287287,596,2,0,0,3,311,0,121,183,0,34,61,0,-64
1734184288253,597,2,0,0,5,313,0,121,184,0,34,61,0,-64
1734184289220,598,2,0,0,5,315,0,121,186,0,34,61,0,-64
1734184290186,599,2,0,0,5,317,0,121,187,0,34,61,0,-64
1734184291152,600,2,0,0,5,319,0,121,189,0,34,61,0,-64
1734184292117,601,1,0,0,1,320,0,121,190,0,34,61,0,-64
1734184293084,602,2,0,0,3,320,0,121,190,0,34,61,0,-64
1734184294050,603,2,0,0,4,322,0,121,191,0,34,61,0,-64
1734184295016,604,2,0,0,5,324,0,121,192,0,34,61,0,-64
1734184296305,605,2,0,0,5,326,0,121,194,0,34,61,0,-64
1734184297272,606,2,0,0,5,328,0,121,195,0,34,61,0,-64
1734184298237,607,2,0,0,5,330,0,121,197,0,35,61,0,-64
1734184299203,608,2,0,0,5,332,0,121,198,0,35,61,0,-64
1734184300170,609,2,0,0,5,334,0,121,200,0,35,61,0,-64
1734184301136,610,2,0,0,5,336,0,121,201,0,35,61,0,-64
1734184302102,611,2,0,0,4,337,0,121,202,0,35,61,0,-64
1734184303068,612,2,0,0,4,339,0,121,204,0,35,61,0,-64
1734184304034,613,2,0,0,4,341,0,121,205,0,35,61,0,-64
1734184305322,614,2,0,0,4,343,0,121,206,0,35,61,0,-64
1734184306287,615,2,0,0,4,345,0,121,207,0,35,61,0,-64
1734184307253,616,2,0,0,4,346,0,121,209,0,35,61,0,-64
1734184308219,617,2,0,0,5,348,0,121,210,0,35,61,0,-61
1734184309186,618,2,0,0,5,350,0,121,211,0,35,61,0,-61
1734184310153,619,2,0,0,4,352,0,121,213,0,35,61,0,-61
1734184311119,620,2,0,0,3,353,0,121,214,0,36,61,0,-61
1734184312085,621,2,0,0,3,355,0,121,214,0,36,61,0,-61
1734184313052,622,2,0,0,3,356,0,121,215,0,36,61,0,-61
1734184314018,623,2,0,0,2,357,0,121,216,0,36,61,0,-61
1734184315306,624,2,0,0,3,359,0,121,217,0,36,61,0,-61
1734184316273,625,2,0,0,3,361,0,121,218,0,36,61,0,-61
1734184317239,626,2,0,0,3,362,0,121,219,0,36,61,0,-61
1734184318205,627,2,0,0,3,364,0,121,220,0,36,61,0,-61
1734184319170,628,2,0,0,3,365,0,121,220,0,36,61,0,-61
1734184320137,629,2,0,0,3,366,0,121,221,0,36,61,0,-61
1734184321103,630,2,0,0,3,368,0,121,222,0,36,61,0,-61
1734184322070,631,2,0,0,2,369,0,121,223,0,36,61,0,-61
1734184323035,632,2,0,0,2,371,0,121,224,0,36,61,0,-61
1734184324324,633,2,0,0,2,373,0,121,225,0,36,61,0,-61
1734184325289,634,2,0,0,2,374,0,121,226,0,36,61,0,-61
1734184326256,635,2,0,0,2,375,0,121,226,0,36,61,0,-61
1734184327222,636,2,0,0,2,377,0,121,227,0,36,61,0,-61
1734184328189,637,2,0,0,2,378,0,121,228,0,36,61,0,-61
1734184329155,638,2,0,0,2,380,0,121,229,0,37,61,0,-61
1734184330121,639,2,0,0,2,381,0,121,229,0,37,61,0,-61
1734184331087,640,2,0,0,2,382,0,121,230,0,37,61,0,-66
1734184332054,641,2,0,0,2,384,0,121,231,0,37,61,0,-66
1734184333020,642,2,0,0,2,385,0,121,232,0,37,61,0,-66
1734184334310,643,2,0,0,2,387,0,121,233,0,37,61,0,-66
1734184335277,644,2,0,0,2,388,0,121,234,0,37,61,0,-66
1734184336242,645,2,0,0,2,390,0,121,234,0,37,61,0,-66
1734184337209,646,2,0,0,2,391,0,121,235,0,37,61,0,-66
1734184338176,647,2,0,0,2,392,0,121,236,0,37,61,0,-66
1734184339142,648,2,0,0,2,394,0,121,237,0,37,61,0,-66
1734184340109,649,2,0,0,2,395,0,121,237,0,37,61,0,-66
1734184341075,650,2,0,0,3,396,0,121,238,0,37,61,0,-66
1734184342041,651,2,0,0,3,398,0,121,239,0,37,61,0,-66
1734184343006,652,2,0,0,3,399,0,121,240,0,37,61,0,-66
1734184344295,653,2,0,0,3,401,0,121,241,0,37,61,0,-66
1734184345261,654,2,0,0,3,403,0,121,242,0,37,61,0,-66
1734184346227,655,2,0,0,3,404,0,121,243,0,37,61,0,-66
1734184347194,656,2,0,0,3,406,0,121,244,0,38,61,0,-66
1734184348159,657,2,0,0,3,407,0,121,244,0,38,61,0,-66
1734184349126,658,2,0,0,3,409,0,121,245,0,38,61,0,-66
1734184350092,659,2,0,0,3,410,0,121,246,0,38,61,0,-66
1734184351058,660,2,0,0,3,412,0,121,247,0,38,61,0,-66
1734184352025,661,2,0,0,3,413,0,121,248,0,38,61,0,-66
1734184353312,662,2,0,0,3,415,0,121,250,0,38,61,0,-64
1734184354279,663,2,0,0,3,417,0,121,251,0,38,61,0,-64
1734184355244,664,2,0,0,3,418,0,121,252,0,38,61,0,-64
1734184356210,665,2,0,0,3,420,0,121,253,0,38,61,0,-64
1734184357177,666,2,0,0,3,422,0,121,254,0,38,61,0,-64
1734184358143,667,2,0,0,3,423,0,121,255,0,38,61,0,-64
1734184359110,668,2,0,0,3,425,0,121,256,0,38,61,0,-64
1734184360075,669,2,0,0,3,426,0,121,257,0,38,61,0,-64
1734184361042,670,2,0,0,3,428,0,121,258,0,38,61,0,-64
1734184362009,671,2,0,0,3,429,0,121,259,0,38,61,0,-64
1734184363296,672,2,0,0,3,432,0,121,260,0,39,61,0,-64
1734184364263,673,2,0,0,3,433,0,121,261,0,39,61,0,-64
1734184365230,674,2,0,0,3,435,0,121,262,0,39,61,0,-64
1734184366197,675,2,0,0,3,436,0,121,263,0,39,61,0,-64
1734184367162,676,2,0,0,3,438,0,121,264,0,39,61,0,-64
1734184368128,677,2,0,0,3,439,0,121,265,0,39,61,0,-64
1734184369095,678,2,0,0,3,441,0,121,266,0,39,61,0,-64
1734184370062,679,2,0,0,3,443,0,121,267,0,39,61,0,-64
1734184371029,680,2,0,0,3,444,0,121,268,0,39,61,0,-64
1734184372318,681,2,0,0,3,446,0,121,269,0,39,61,0,-64
1734184373284,682,2,0,0,3,448,0,121,270,0,39,61,0,-64
1734184374250,683,2,0,0,4,449,0,121,271,0,39,61,0,-64
1734184375216,684,2,0,0,3,451,0,121,272,0,39,61,0,-64
1734184376183,685,2,0,0,3,452,0,121,273,0,39,61,0,-64
1734184377149,686,2,0,0,3,454,0,121,274,0,39,61,0,-64
1734184378116,687,2,0,0,4,456,0,121,275,0,39,61,0,-64
1734184379082,688,1,0,0,3,457,0,121,276,0,40,61,0,-64
1734184380050,689,0,0,0,0,457,0,121,276,0,40,61,0,-64
1734184420308,690,0,0,0,0,457,0,121,276,0,41,61,0,-64
1734184461218,691,0,0,0,0,457,0,121,276,0,42,61,0,-66
1734184501156,692,0,0,0,0,457,0,121,276,0,43,61,0,-64
1734184542062,693,0,0,0,0,457,0,121,276,0,44,61,0,-63
1734184549871,694,0,0,0,0,457,0,121,276,0,44,60,0,-61
1734184552031,695,1,0,0,0,457,0,121,276,0,44,61,0,-61
1734184554030,696,1,0,0,0,457,0,121,276,0,44,81,42,-61
1734184555029,697,1,0,0,0,457,0,121,276,0,44,80,41,-61
1734184556029,698,0,0,0,0,457,0,121,276,0,44,79,39,-61
1734184557028,699,1,0,0,0,457,0,121,276,0,44,60,1,-61
1734184558028,700,0,0,0,0,457,0,121,276,0,44,60,1,-61
1734184559027,701,0,0,0,0,457,0,121,276,0,44,59,16,-61
1734184560027,702,0,0,0,0,457,0,121,276,0,44,59,15,-61
1734184561026,703,0,0,0,0,457,0,121,276,0,44,59,14,-61
1734184562026,704,0,0,0,0,457,0,121,276,0,44,60,0,-61
1734184564025,705,0,0,0,0,457,0,121,276,0,44,61,0,-61
1734184571021,706,0,0,0,0,457,0,121,276,0,44,88,1,-64
1734184572020,707,1,0,0,0,457,0,121,276,0,44,60,15,-64
1734184573020,708,1,0,0,0,457,0,121,276,0,44,60,16,-64
1734184574019,709,0,0,0,0,457,0,121,276,0,44,59,34,-64
1734184575019,710,0,0,0,0,457,0,121,276,0,44,59,31,-64
1734184576018,711,0,0,0,0,457,0,121,276,0,44,59,28,-64
1734184577017,712,0,0,0,0,457,0,121,276,0,44,60,79,-64
1734184578016,713,0,0,0,0,457,0,121,276,0,44,61,75,-64
1734184579029,714,0,0,0,0,457,0,121,276,0,44,62,75,-64
1734184580015,715,0,0,0,0,457,0,121,276,0,44,65,72,-64
1734184581014,716,0,0,0,0,457,0,121,276,0,44,68,67,-64
1734184582013,717,0,0,0,0,457,0,121,276,0,44,67,72,-64
1734184583128,718,1,0,0,0,457,0,121,276,0,45,67,72,-64
1734184588283,719,0,0,0,0,457,0,121,276,0,45,67,72,-64
-19793221,0,1,0,0,0,0,0,0,0,0,0,60,0,-65
1734184618273,1,0,0,0,0,0,0,0,0,0,0,60,0,-61
1734184625239,2,1,0,0,0,0,0,0,0,0,0,60,0,-61
1734184627038,3,0,0,0,0,0,0,0,0,0,0,60,0,-61
1734184634034,4,0,0,0,0,0,0,0,0,0,0,107,5,-61
1734184639031,5,0,0,0,0,0,0,0,0,0,0,73,12,-61
1734184641031,6,1,0,0,0,0,0,0,0,0,0,73,35,-61
1734184645028,7,1,0,0,0,0,0,0,0,0,0,94,50,-61
1734184651024,8,4,0,0,0,0,0,0,0,0,0,94,50,-61
1734184651304,9,4,0,0,0,0,0,0,0,0,0,59,30,-61
1734184652024,10,4,0,0,0,0,0,3,0,0,0,59,43,-61
1734184653023,11,4,0,0,0,0,0,5,0,0,0,60,37,-61
1734184654023,12,4,0,0,0,0,0,8,0,0,0,61,34,-61
1734184655022,13,4,0,0,0,0,0,10,0,0,0,61,33,-61
1734184656021,14,4,0,0,0,0,0,13,0,0,0,60,31,-61
1734184657020,15,4,0,0,0,0,0,15,0,0,1,60,29,-61
1734184658020,16,4,0,0,0,0,0,18,0,0,1,59,29,-61
1734184659019,17,0,0,0,0,0,0,19,0,0,1,59,29,-61
1734184661018,18,0,0,0,0,0,0,19,0,0,1,59,27,-61
1734184662017,19,0,0,0,0,0,0,19,0,0,1,60,22,-61
1734184663016,20,0,0,0,0,0,0,19,0,0,1,61,55,-61
1734184664015,21,0,0,0,0,0,0,19,0,0,1,62,46,-61
1734184665014,22,0,0,0,0,0,0,19,0,0,1,68,51,-61
1734184666014,23,0,0,0,0,0,0,19,0,0,1,69,53,-61
1734184667013,24,0,0,0,0,0,0,19,0,0,1,70,11,-61
1734184668012,25,0,0,0,0,0,0,19,0,0,1,70,51,-61
1734184669012,26,0,0,0,0,0,0,19,0,0,1,72,48,-61
1734184670011,27,0,0,0,0,0,0,19,0,0,1,72,41,-61
1734184671010,28,0,0,0,0,0,0,19,0,0,1,75,53,-61
1734184672009,29,0,0,0,0,0,0,19,0,0,1,74,53,-61
1734184673009,30,0,0,0,0,0,0,19,0,0,1,75,52,-61
1734184674008,31,0,0,0,0,0,0,19,0,0,1,76,9,-62
1734184675007,32,0,0,0,0,0,0,19,0,0,1,79,5,-62
1734184676006,33,0,0,0,0,0,0,19,0,0,1,81,5,-62
1734184677005,34,0,0,0,0,0,0,19,0,0,1,85,5,-62
1734184678004,35,0,0,0,0,0,0,19,0,0,1,96,1,-62
1734184679004,36,0,0,0,0,0,0,19,0,0,1,96,2,-62
1734184680003,37,0,0,0,0,0,0,19,0,0,1,99,7,-62
1734184681002,38,0,0,0,0,0,0,19,0,0,1,96,34,-62
1734184682041,39,0,0,0,0,0,0,19,0,0,1,93,34,-62
1734184683040,40,0,0,0,0,0,0,19,0,0,1,90,46,-62
1734184684039,41,0,0,0,0,0,0,19,0,0,1,88,41,-62
1734184685043,42,0,0,0,0,0,0,19,0,0,1,86,44,-62
1734184686037,43,0,0,0,0,0,0,19,0,0,1,84,40,-62
1734184687036,44,0,0,0,0,0,0,19,0,0,1,79,51,-62
1734184688035,45,0,0,0,0,0,0,19,0,0,1,76,10,-62
1734184689037,46,0,0,0,0,0,0,19,0,0,1,73,16,-62
1734184690033,47,0,0,0,0,0,0,19,0,0,1,72,20,-62
1734184691032,48,0,0,0,0,0,0,19,0,0,1,74,6,-62
1734184692031,49,0,0,0,0,0,0,19,0,0,1,73,21,-62
1734184693031,50,0,0,0,0,0,0,19,0,0,1,73,23,-62
1734184694030,51,0,0,0,0,0,0,19,0,0,1,73,22,-62
1734184695029,52,0,0,0,0,0,0,19,0,0,1,72,20,-62
1734184696028,53,0,0,0,0,0,0,19,0,0,1,71,23,-62
1734184697027,54,0,0,0,0,0,0,19,0,0,2,71,22,-62
1734184698027,55,0,0,0,0,0,0,19,0,0,2,71,24,-62
1734184699026,56,0,0,0,0,0,0,19,0,0,2,71,23,-62
1734184700025,57,0,0,0,0,0,0,19,0,0,2,71,21,-62
1734184701024,58,0,0,0,0,0,0,19,0,0,2,72,21,-60
1734184702024,59,0,0,0,0,0,0,19,0,0,2,75,55,-60
1734184703023,60,0,0,0,0,0,0,19,0,0,2,76,62,-60
1734184704022,61,0,0,0,0,0,0,19,0,0,2,75,9,-60
1734184705021,62,0,0,0,0,0,0,19,0,0,2,73,16,-60
1734184706020,63,0,0,0,0,0,0,19,0,0,2,72,16,-60
1734184707019,64,0,0,0,0,0,0,19,0,0,2,74,57,-60
1734184708019,65,0,0,0,0,0,0,19,0,0,2,73,11,-60
1734184709018,66,0,0,0,0,0,0,19,0,0,2,72,55,-60
1734184710017,67,0,0,0,0,0,0,19,0,0,2,73,32,-60
1734184711016,68,0,0,0,0,0,0,19,0,0,2,73,27,-60
1734184712016,69,0,0,0,0,0,0,19,0,0,2,74,25,-60
1734184713015,70,0,0,0,0,0,0,19,0,0,2,74,24,-60
1734184714014,71,0,0,0,0,0,0,19,0,0,2,75,22,-60
1734184715013,72,0,0,0,0,0,0,19,0,0,2,75,20,-60
1734184716013,73,0,0,0,0,0,0,19,0,0,2,76,21,-60
1734184717012,74,0,0,0,0,0,0,19,0,0,2,76,22,-60
1734184718011,75,0,0,0,0,0,0,19,0,0,2,77,19,-60
1734184719010,76,0,0,0,0,0,0,19,0,0,2,78,20,-60
1734184720010,77,0,0,0,0,0,0,19,0,0,2,79,20,-60
1734184722008,78,0,0,0,0,0,0,19,0,0,2,79,19,-60
1734184723006,79,0,0,0,0,0,0,19,0,0,2,80,19,-60
1734184726004,80,0,0,0,0,0,0,19,0,0,2,80,18,-60
1734184727002,81,0,0,0,0,0,0,19,0,0,2,80,17,-60
1734184728002,82,0,0,0,0,0,0,19,0,0,2,80,16,-60
1734184729041,83,0,0,0,0,0,0,19,0,0,2,81,16,-60
1734184730039,84,0,0,0,0,0,0,19,0,0,2,82,17,-59
1734184731040,85,0,0,0,0,0,0,19,0,0,2,83,17,-59
1734184732037,86,0,0,0,0,0,0,19,0,0,2,83,16,-59
1734184733036,87,0,0,0,0,0,0,19,0,0,2,82,17,-59
1734184734035,88,0,0,0,0,0,0,19,0,0,2,82,16,-59
1734184736033,89,0,0,0,0,0,0,19,0,0,2,81,16,-59
1734184738031,90,0,0,0,0,0,0,19,0,0,3,80,15,-59
1734184739031,91,0,0,0,0,0,0,19,0,0,3,79,15,-59
1734184741029,92,0,0,0,0,0,0,19,0,0,3,78,15,-59
1734184743027,93,0,0,0,0,0,0,19,0,0,3,77,15,-59
1734184745025,94,0,0,0,0,0,0,19,0,0,3,76,14,-59
1734184748022,95,0,0,0,0,0,0,19,0,0,3,75,14,-59
1734184751019,96,0,0,0,0,0,0,19,0,0,3,74,15,-59
1734184759011,97,0,0,0,0,0,0,19,0,0,3,74,14,-70
1734184760010,98,0,0,0,0,0,0,19,0,0,3,74,11,-70
1734184761009,99,0,0,0,0,0,0,19,0,0,3,74,9,-70
1734184762008,100,0,0,0,0,0,0,19,0,0,3,75,7,-70
1734184763007,101,0,0,0,0,0,0,19,0,0,3,76,2,-70
1734184764006,102,0,0,0,0,0,0,19,0,0,3,78,1,-70
1734184765005,103,1,0,0,0,0,0,19,0,0,3,78,1,-70
1734184766004,104,1,0,0,0,0,0,19,0,0,3,79,1,-70
1734184767003,105,1,0,0,0,0,0,19,0,0,3,78,11,-70
1734184768002,106,0,0,0,0,0,0,19,0,0,3,77,12,-70
1734184769041,107,0,0,0,0,0,0,19,0,0,3,78,9,-70
1734184770040,108,0,0,0,0,0,0,19,0,0,3,78,11,-70
1734184771038,109,0,0,0,0,0,0,19,0,0,3,80,10,-70
1734184772037,110,0,0,0,0,0,0,19,0,0,3,82,10,-70
1734184773036,111,0,0,0,0,0,0,19,0,0,3,82,15,-70
1734184774035,112,0,0,0,0,0,0,19,0,0,3,81,16,-70
1734184775034,113,0,0,0,0,0,0,19,0,0,3,80,17,-70
1734184776033,114,0,0,0,0,0,0,19,0,0,3,80,16,-70
1734184777032,115,0,0,0,0,0,0,19,0,0,3,80,13,-70
1734184778031,116,0,0,0,0,0,0,19,0,0,4,80,12,-70
1734184779031,117,0,0,0,0,0,0,19,0,0,4,81,13,-70
1734184780030,118,0,0,0,0,0,0,19,0,0,4,83,7,-70
1734184781029,119,0,0,0,0,0,0,19,0,0,4,84,7,-70
1734184782028,120,0,0,0,0,0,0,19,0,0,4,86,7,-70
1734184783027,121,0,0,0,0,0,0,19,0,0,4,92,1,-70
1734184784026,122,0,0,0,0,0,0,19,0,0,4,94,1,-70
1734184785025,123,0,0,0,0,0,0,19,0,0,4,96,1,-70
1734184786024,124,0,0,0,0,0,0,19,0,0,4,98,1,-70
1734184787023,125,0,0,0,0,0,0,19,0,0,4,100,1,-70
1734184788022,126,0,0,0,0,0,0,19,0,0,4,101,1,-70
1734184789021,127,0,0,0,0,0,0,19,0,0,4,103,1,-70
1734184790019,128,0,0,0,0,0,0,19,0,0,4,104,1,-70
1734184791018,129,0,0,0,0,0,0,19,0,0,4,105,1,-70
1734184792020,130,0,0,0,0,0,0,19,0,0,4,106,1,-70
1734184793016,131,0,0,0,0,0,0,19,0,0,4,107,1,-70
1734184795014,132,0,0,0,0,0,0,19,0,0,4,108,1,-70
1734184796013,133,0,0,0,0,0,0,19,0,0,4,109,1,-70
1734184797012,134,0,0,0,0,0,0,19,0,0,4,110,1,-70
1734184798011,135,0,0,0,0,0,0,19,0,0,4,111,1,-70
1734184799010,136,0,0,0,0,0,0,19,0,0,4,112,1,-70
1734184800009,137,0,0,0,0,0,0,19,0,0,4,113,1,-70
1734184801009,138,0,0,0,0,0,0,19,0,0,4,114,1,-70
1734184802006,139,0,0,0,0,0,0,19,0,0,4,115,1,-70
1734184803005,140,0,0,0,0,0,0,19,0,0,4,116,1,-70
1734184804004,141,0,0,0,0,0,0,19,0,0,4,117,1,-70
1734184805003,142,0,0,0,0,0,0,19,0,0,4,118,1,-70
1734184806002,143,0,0,0,0,0,0,19,0,0,4,119,1,-70
1734184807001,144,0,0,0,0,0,0,19,0,0,4,120,1,-70
1734184808040,145,0,0,0,0,0,0,19,0,0,4,124,1,-70
1734184809039,146,0,0,0,0,0,0,19,0,0,4,125,1,-70
1734184810038,147,0,0,0,0,0,0,19,0,0,4,126,1,-70
1734184811037,148,0,0,0,0,0,0,19,0,0,4,127,1,-59
1734184812036,149,0,0,0,0,0,0,19,0,0,4,128,1,-59
1734184813035,150,0,0,0,0,0,0,19,0,0,4,129,1,-59
1734184814034,151,0,0,0,0,0,0,19,0,0,4,130,1,-59
1734184815033,152,0,0,0,0,0,0,19,0,0,4,131,1,-59
1734184816031,153,1,0,0,0,0,0,19,0,0,4,132,1,-59
1734184817031,154,1,0,0,0,0,0,19,0,0,4,134,1,-59
1734184818030,155,1,0,0,0,0,0,19,0,0,4,135,1,-59
1734184819030,156,0,0,0,0,0,0,19,0,0,5,136,1,-59
1734184820028,157,0,0,0,0,0,0,19,0,0,5,137,1,-59
1734184821027,158,0,0,0,0,0,0,19,0,0,5,138,1,-59
1734184822026,159,0,0,0,0,0,0,19,0,0,5,139,1,-59
1734184823025,160,0,0,0,0,0,0,19,0,0,5,140,1,-59
1734184824023,161,0,0,0,0,0,0,19,0,0,5,141,1,-59
1734184825023,162,0,0,0,0,0,0,19,0,0,5,142,1,-59
1734184827021,163,1,0,0,0,0,0,19,0,0,5,143,1,-59
1734184828019,164,1,0,0,0,0,0,19,0,0,5,144,1,-59
1734184829019,165,0,0,0,0,0,0,19,0,0,5,144,1,-59
1734184830017,166,0,0,0,0,0,0,19,0,0,5,60,0,-59
1734184832015,167,0,0,0,0,0,0,19,0,0,5,62,0,-59
1734184833014,168,0,0,0,0,0,0,19,0,0,5,61,0,-59
-19793155,0,1,0,0,0,0,0,0,0,0,0,60,0,-59
-19788969,1,0,0,0,0,0,0,0,0,0,0,60,0,-59
-19771905,2,1,0,0,0,0,0,0,0,0,0,60,0,-59
-19763858,3,0,0,0,0,0,0,0,0,0,0,60,0,-59
-19762892,4,1,0,0,0,0,0,0,0,0,0,60,0,-59
-19758707,5,2,0,0,5,7,0,0,4,0,0,60,0,-59
-19757741,6,1,0,0,0,7,0,0,5,0,0,60,0,-59
-19755810,7,1,0,0,0,7,0,0,5,0,1,60,0,-59
-19743978,8,1,0,0,0,7,0,0,5,0,1,60,1,-59
-19741980,9,1,0,0,0,7,0,0,5,0,1,59,8,-59
-19740980,10,1,0,0,0,7,0,0,5,0,1,59,9,-59
-19793208,0,1,0,0,0,0,0,0,0,0,0,60,0,-60
-19790956,1,0,0,0,0,0,0,0,0,0,0,60,0,-60
1734186343657,2,0,0,0,0,0,0,0,0,0,0,67,1,-82
1734186344017,3,0,0,0,0,0,0,0,0,0,0,60,93,-82
1734186345015,4,0,0,0,0,0,0,0,0,0,0,59,38,-82
1734186346014,5,0,0,0,0,0,0,0,0,0,0,60,32,-82
1734186347013,6,0,0,0,0,0,0,0,0,0,0,61,28,-82
1734186348012,7,0,0,0,0,0,0,0,0,0,0,62,24,-82
1734186349011,8,0,0,0,0,0,0,0,0,0,0,62,23,-82
1734186350010,9,0,0,0,0,0,0,0,0,0,0,71,37,-82
1734186351009,10,0,0,0,0,0,0,0,0,0,0,70,17,-82
1734186352009,11,0,0,0,0,0,0,0,0,0,0,69,25,-82
1734186353008,12,0,0,0,0,0,0,0,0,0,0,68,27,-82
1734186354006,13,0,0,0,0,0,0,0,0,0,0,68,28,-82
1734186355005,14,0,0,0,0,0,0,0,0,0,0,67,17,-82
1734186356004,15,0,0,0,0,0,0,0,0,0,0,68,19,-82
1734186357003,16,0,0,0,0,0,0,0,0,0,0,69,20,-82
1734186358002,17,0,0,0,0,0,0,0,0,0,0,69,17,-82
1734186359041,18,0,0,0,0,0,0,0,0,0,0,70,20,-82
1734186360040,19,0,0,0,0,0,0,0,0,0,0,71,18,-82
1734186361038,20,0,0,0,0,0,0,0,0,0,0,72,16,-82
1734186362038,21,0,0,0,0,0,0,0,0,0,0,73,18,-82
1734186363036,22,1,0,0,0,0,0,0,0,0,0,74,16,-82
1734186364036,23,1,0,0,0,0,0,0,0,0,0,75,16,-82
1734186365034,24,1,0,0,0,0,0,0,0,0,0,75,15,-82
1734186366033,25,1,0,0,0,0,0,0,0,0,0,77,12,-77
1734186367032,26,1,0,0,0,0,0,0,0,0,0,78,11,-77
1734186368031,27,1,0,0,0,0,0,0,0,0,0,79,12,-77
1734186369029,28,1,0,0,0,0,0,0,0,0,0,80,11,-77
1734186370029,29,1,0,0,0,0,0,0,0,0,1,81,15,-77
1734186371027,30,1,0,0,0,0,0,0,0,0,1,81,14,-77
1734186372026,31,1,0,0,0,0,0,0,0,0,1,82,14,-77
1734186373025,32,4,0,0,0,0,0,0,0,0,1,82,15,-77
1734186374024,33,4,0,0,0,0,0,2,0,0,1,82,3,-77
1734186375022,34,4,0,0,0,0,0,4,0,0,1,79,50,-77
1734186376022,35,4,0,0,0,0,0,6,0,0,1,79,63,-77
1734186377020,36,4,0,0,0,0,0,7,0,0,1,76,53,-77
1734186378019,37,4,0,0,0,0,0,9,0,0,1,76,61,-77
1734186379018,38,0,0,0,0,0,0,9,0,0,1,74,56,-77
1734186380017,39,0,0,0,0,0,0,9,0,0,1,70,63,-77
1734186381015,40,0,0,0,0,0,0,9,0,0,1,68,9,-77
1734186382014,41,0,0,0,0,0,0,9,0,0,1,69,58,-77
1734186383012,42,0,0,0,0,0,0,9,0,0,1,71,54,-77
1734186384012,43,0,0,0,0,0,0,9,0,0,1,75,60,-77
1734186385010,44,0,0,0,0,0,0,9,0,0,1,78,63,-77
1734186386009,45,0,0,0,0,0,0,9,0,0,1,80,7,-77
1734186387009,46,0,0,0,0,0,0,9,0,0,1,82,9,-77
1734186388008,47,0,0,0,0,0,0,9,0,0,1,84,9,-77
1734186389006,48,0,0,0,0,0,0,9,0,0,1,85,11,-57
1734186390005,49,0,0,0,0,0,0,9,0,0,1,86,11,-57
1734186391004,50,0,0,0,0,0,0,9,0,0,1,86,59,-57
1734186392003,51,0,0,0,0,0,0,9,0,0,1,87,58,-57
1734186393002,52,0,0,0,0,0,0,9,0,0,1,87,12,-57
1734186394040,53,0,0,0,0,0,0,9,0,0,1,88,19,-57
1734186395040,54,0,0,0,0,0,0,9,0,0,1,88,20,-57
1734186396038,55,0,0,0,0,0,0,9,0,0,1,88,19,-57
1734186398036,56,0,0,0,0,0,0,9,0,0,1,88,18,-57
1734186399035,57,1,0,0,0,0,0,9,0,0,1,88,19,-57
1734186402031,58,1,0,0,0,0,0,9,0,0,1,88,10,-57
1734186403031,59,1,0,0,0,0,0,9,0,0,1,89,2,-57
1734186404029,60,1,0,0,0,0,0,9,0,0,1,89,50,-57
1734186405029,61,1,0,0,0,0,0,9,0,0,1,89,58,-57
1734186406027,62,1,0,0,0,0,0,9,0,0,1,90,54,-57
1734186407026,63,1,0,0,0,0,0,9,0,0,1,90,52,-57
1734186408025,64,0,0,0,0,0,0,9,0,0,1,90,47,-57
1734186409024,65,0,0,0,0,0,0,9,0,0,1,91,47,-57
1734186410023,66,0,0,0,0,0,0,9,0,0,2,91,47,-57
1734186411022,67,0,0,0,0,0,0,9,0,0,2,90,50,-57
1734186412021,68,0,0,0,0,0,0,9,0,0,2,87,32,-57
1734186413020,69,0,0,0,0,0,0,9,0,0,2,85,21,-60
1734186414018,70,1,0,0,0,0,0,9,0,0,2,84,54,-60
1734186415017,71,1,0,0,0,0,0,9,0,0,2,83,51,-60
1734186416016,72,1,0,0,0,0,0,9,0,0,2,82,50,-60
1734186420110,73,0,0,0,0,0,0,9,0,0,2,82,50,-60
1734186451302,74,0,0,0,0,0,0,9,0,0,3,82,50,-57
-19793256,0,1,0,0,0,0,0,0,0,0,0,60,0,-60
1734186510559,1,0,0,0,0,0,0,0,0,0,0,60,0,-87
1734186515249,2,0,0,0,0,0,0,0,0,0,0,60,1,-87
1734186518007,3,0,0,0,0,0,0,0,0,0,0,60,36,-87
1734186519006,4,0,0,0,0,0,0,0,0,0,0,59,26,-87
1734186520006,5,0,0,0,0,0,0,0,0,0,0,60,20,-87
1734186521003,6,0,0,0,0,0,0,0,0,0,0,61,15,-87
1734186522002,7,0,0,0,0,0,0,0,0,0,0,62,12,-87
1734186523041,8,0,0,0,0,0,0,0,0,0,0,63,13,-87
1734186524040,9,0,0,0,0,0,0,0,0,0,0,64,11,-87
1734186525038,10,0,0,0,0,0,0,0,0,0,0,65,10,-87
1734186526037,11,0,0,0,0,0,0,0,0,0,0,66,10,-87
1734186527037,12,0,0,0,0,0,0,0,0,0,0,66,8,-87
1734186528035,13,0,0,0,0,0,0,0,0,0,0,67,6,-87
1734186529034,14,0,0,0,0,0,0,0,0,0,0,67,1,-87
1734186530033,15,0,0,0,0,0,0,0,0,0,0,66,3,-87
1734186531032,16,0,0,0,0,0,0,0,0,0,0,65,4,-87
1734186532031,17,0,0,0,0,0,0,0,0,0,0,64,4,-87
1734186533030,18,0,0,0,0,0,0,0,0,0,0,65,31,-87
1734186534029,19,0,0,0,0,0,0,0,0,0,0,68,30,-87
1734186535028,20,0,0,0,0,0,0,0,0,0,0,70,34,-87
1734186536026,21,0,0,0,0,0,0,0,0,0,0,72,35,-87
1734186537025,22,0,0,0,0,0,0,0,0,0,0,73,36,-91
1734186538024,23,0,0,0,0,0,0,0,0,0,0,74,36,-91
1734186539023,24,0,0,0,0,0,0,0,0,0,0,75,37,-91
1734186540022,25,0,0,0,0,0,0,0,0,0,0,75,14,-91
1734186541020,26,0,0,0,0,0,0,0,0,0,0,75,19,-91
1734186542019,27,0,0,0,0,0,0,0,0,0,0,72,44,-91
1734186543017,28,0,0,0,0,0,0,0,0,0,0,69,6,-91
1734186544016,29,0,0,0,0,0,0,0,0,0,0,68,34,-91
1734186545015,30,0,0,0,0,0,0,0,0,0,0,66,34,-91
1734186546014,31,0,0,0,0,0,0,0,0,0,0,65,36,-91
1734186547012,32,0,0,0,0,0,0,0,0,0,0,65,38,-91
1734186548011,33,0,0,0,0,0,0,0,0,0,0,64,36,-91
1734186549010,34,1,0,0,0,0,0,0,0,0,1,64,36,-91
1734186549010,35,1,0,0,0,0,0,0,0,0,1,68,3,-91
1734186550009,36,1,0,0,0,0,0,0,0,0,1,72,14,-91
1734186551007,37,1,0,0,0,0,0,0,0,0,1,75,21,-91
1734186552006,38,1,0,0,0,0,0,0,0,0,1,78,26,-91
1734186553004,39,0,0,0,0,0,0,0,0,0,1,78,26,-91
1734186553005,40,0,0,0,0,0,0,0,0,0,1,78,9,-91
1734186554003,41,0,0,0,0,0,0,0,0,0,1,76,13,-91
1734186555001,42,1,0,0,0,0,0,0,0,0,1,76,13,-91
1734186555002,43,1,0,0,0,0,0,0,0,0,1,80,23,-91
1734186556040,44,1,0,0,0,0,0,0,0,0,1,82,47,-91
1734186557039,45,1,0,0,0,0,0,0,0,0,1,83,49,-91
1734186558037,46,1,0,0,0,0,0,0,0,0,1,84,50,-91
1734186559036,47,1,0,0,0,0,0,0,0,0,1,84,51,-91
1734186560034,48,1,0,0,0,0,0,0,0,0,1,85,51,-87
1734186561033,49,1,0,0,0,0,0,0,0,0,1,85,46,-87
1734186562032,50,0,0,0,0,0,0,0,0,0,1,85,46,-87
1734186562032,51,0,0,0,0,0,0,0,0,0,1,81,33,-87
1734186563031,52,0,0,0,0,0,0,0,0,0,1,78,37,-87
1734186564029,53,0,0,0,0,0,0,0,0,0,1,81,7,-87
1734186565028,54,0,0,0,0,0,0,0,0,0,1,84,27,-87
1734186566026,55,0,0,0,0,0,0,0,0,0,1,83,6,-87
1734186567025,56,0,0,0,0,0,0,0,0,0,1,82,8,-87
1734186568023,57,0,0,0,0,0,0,0,0,0,1,81,8,-87
1734186569022,58,0,0,0,0,0,0,0,0,0,1,79,8,-87
1734186570021,59,0,0,0,0,0,0,0,0,0,1,77,9,-87
1734186573016,60,0,0,0,0,0,0,0,0,0,1,80,9,-87
1734186574018,61,0,0,0,0,0,0,0,0,0,1,84,9,-87
1734186575013,62,0,0,0,0,0,0,0,0,0,1,87,9,-87
1734186576012,63,0,0,0,0,0,0,0,0,0,1,88,9,-87
1734186577010,64,0,0,0,0,0,0,0,0,0,1,86,9,-87
1734186578009,65,0,0,0,0,0,0,0,0,0,1,84,9,-87
1734186579013,66,0,0,0,0,0,0,0,0,0,1,81,9,-87
1734186580006,67,0,0,0,0,0,0,0,0,0,1,78,9,-87
1734186581005,68,0,0,0,0,0,0,0,0,0,1,75,30,-87
1734186582004,69,0,0,0,0,0,0,0,0,0,1,76,50,-87
1734186583002,70,0,0,0,0,0,0,0,0,0,1,77,49,-87
1734186584041,71,0,0,0,0,0,0,0,0,0,1,78,47,-87
1734186585039,72,0,0,0,0,0,0,0,0,0,1,78,46,-87
1734186586038,73,0,0,0,0,0,0,0,0,0,1,79,45,-85
1734186587036,74,0,0,0,0,0,0,0,0,0,1,80,52,-85
1734186588035,75,1,0,0,0,0,0,0,0,0,1,80,52,-85
1734186588035,76,1,0,0,0,0,0,0,0,0,1,81,12,-85
1734186589033,77,1,0,0,0,0,0,0,0,0,2,81,12,-85
1734186589034,78,1,0,0,0,0,0,0,0,0,2,82,8,-85
1734186590033,79,1,0,0,0,0,0,0,0,0,2,83,2,-85
1734186591032,80,1,0,0,0,0,0,0,0,0,2,84,51,-85
1734186592030,81,1,0,0,0,0,0,0,0,0,2,85,50,-85
1734186593029,82,1,0,0,0,0,0,0,0,0,2,86,50,-85
1734186594027,83,1,0,0,0,0,0,0,0,0,2,86,49,-85
1734186595026,84,0,0,0,0,0,0,0,0,0,2,86,49,-85
1734186595026,85,0,0,0,0,0,0,0,0,0,2,87,46,-85
1734186596024,86,0,0,0,0,0,0,0,0,0,2,87,44,-85
1734186597023,87,0,0,0,0,0,0,0,0,0,2,88,41,-85
1734186598022,88,0,0,0,0,0,0,0,0,0,2,88,39,-85
1734186599020,89,0,0,0,0,0,0,0,0,0,2,89,39,-85
1734186601017,90,0,0,0,0,0,0,0,0,0,2,90,39,-85
1734186604013,91,0,0,0,0,0,0,0,0,0,2,91,39,-85
1734186607009,92,0,0,0,0,0,0,0,0,0,2,90,26,-85
1734186608008,93,1,0,0,0,0,0,0,0,0,2,90,26,-85
1734186608009,94,1,0,0,0,0,0,0,0,0,2,90,36,-85
1734186609006,95,1,0,0,0,0,0,0,0,0,2,89,37,-88
1734186610005,96,0,0,0,0,0,0,0,0,0,2,89,37,-88
1734186610005,97,0,0,0,0,0,0,0,0,0,2,89,36,-88
1734186611004,98,0,0,0,0,0,0,0,0,0,2,89,38,-88
1734186612002,99,0,0,0,0,0,0,0,0,0,2,89,37,-88
1734186613041,100,0,0,0,0,0,0,0,0,0,2,89,35,-88
1734186614040,101,0,0,0,0,0,0,0,0,0,2,89,34,-88
1734186615038,102,0,0,0,0,0,0,0,0,0,2,90,33,-88
1734186616037,103,1,0,0,0,0,0,0,0,0,2,90,33,-88
1734186616037,104,1,0,0,0,0,0,0,0,0,2,90,31,-88
1734186617036,105,1,0,0,0,0,0,0,0,0,2,91,30,-88
1734186621032,106,1,0,0,0,0,0,0,0,0,2,92,29,-88
1734186622031,107,1,0,0,0,0,0,0,0,0,2,92,28,-88
1734186625028,108,1,0,0,0,0,0,0,0,0,2,93,30,-88
1734186626026,109,4,0,0,0,0,0,0,0,0,2,93,30,-88
1734186626026,110,4,0,0,0,0,0,0,0,0,2,93,31,-88
1734186627024,111,4,0,0,0,0,0,3,0,0,2,93,31,-88
1734186627025,112,4,0,0,0,0,0,3,0,0,2,93,30,-88
1734186628023,113,4,0,0,0,0,0,5,0,0,2,93,30,-88
1734186628023,114,4,0,0,0,0,0,5,0,0,2,93,29,-88
1734186629021,115,4,0,0,0,0,0,8,0,0,3,93,29,-88
1734186629023,116,4,0,0,0,0,0,8,0,0,3,93,28,-88
1734186630020,117,4,0,0,0,0,0,11,0,0,3,93,28,-88
1734186630020,118,4,0,0,0,0,0,11,0,0,3,94,28,-88
1734186631019,119,0,0,0,0,0,0,11,0,0,3,94,28,-88
1734186632017,120,0,0,0,0,0,0,11,0,0,3,94,27,-86
1734186633016,121,0,0,0,0,0,0,11,0,0,3,94,26,-86
1734186634014,122,0,0,0,0,0,0,11,0,0,3,94,28,-86
1734186635013,123,1,0,0,0,0,0,11,0,0,3,94,28,-86
1734186635013,124,1,0,0,0,0,0,11,0,0,3,94,21,-86
1734186636011,125,0,0,0,0,0,0,11,0,0,3,94,21,-86
1734186636012,126,0,0,0,0,0,0,11,0,0,3,93,21,-86
1734186640005,127,0,0,0,0,0,0,11,0,0,3,94,22,-86
1734186643001,128,0,0,0,0,0,0,11,0,0,3,94,23,-86
1734186647035,129,1,0,0,0,0,0,11,0,0,3,94,23,-86
1734186647035,130,1,0,0,0,0,0,11,0,0,3,94,24,-86
1734186649033,131,0,0,0,0,0,0,11,0,0,3,94,24,-86
1734186649033,132,0,0,0,0,0,0,11,0,0,3,94,25,-86
1734186650032,133,0,0,0,0,0,0,11,0,0,3,94,31,-86
1734186651031,134,0,0,0,0,0,0,11,0,0,3,94,35,-86
1734186652030,135,0,0,0,0,0,0,11,0,0,3,94,38,-86
1734186653028,136,0,0,0,0,0,0,11,0,0,3,94,39,-86
1734186654026,137,1,0,0,0,0,0,11,0,0,3,94,39,-86
1734186656024,138,1,0,0,0,0,0,11,0,0,3,93,39,-83
1734186660019,139,1,0,0,0,0,0,11,0,0,3,93,38,-83
1734186661017,140,0,0,0,0,0,0,11,0,0,3,93,38,-83
1734186661018,141,0,0,0,0,0,0,11,0,0,3,93,37,-83
1734186662016,142,0,0,0,0,0,0,11,0,0,3,94,36,-83
1734186663015,143,0,0,0,0,0,0,11,0,0,3,94,35,-83
1734186665013,144,0,0,0,0,0,0,11,0,0,3,94,33,-83
1734186666011,145,0,0,0,0,0,0,11,0,0,3,94,32,-83
1734186667010,146,0,0,0,0,0,0,11,0,0,3,93,31,-83
1734186668009,147,0,0,0,0,0,0,11,0,0,3,93,30,-83
1734186669008,148,0,0,0,0,0,0,11,0,0,3,92,28,-83
1734186670006,149,0,0,0,0,0,0,11,0,0,4,92,28,-83
1734186670007,150,0,0,0,0,0,0,11,0,0,4,92,26,-83
1734186671005,151,0,0,0,0,0,0,11,0,0,4,91,26,-83
1734186672004,152,0,0,0,0,0,0,11,0,0,4,91,27,-83
1734186673003,153,0,0,0,0,0,0,11,0,0,4,90,29,-83
1734186674002,154,0,0,0,0,0,0,11,0,0,4,90,28,-83
1734186675040,155,0,0,0,0,0,0,11,0,0,4,91,25,-83
1734186676039,156,0,0,0,0,0,0,11,0,0,4,90,22,-83
1734186677038,157,0,0,0,0,0,0,11,0,0,4,90,20,-83
1734186678037,158,0,0,0,0,0,0,11,0,0,4,89,20,-83
1734186679035,159,0,0,0,0,0,0,11,0,0,4,88,21,-83
1734186680034,160,0,0,0,0,0,0,11,0,0,4,85,22,-83
1734186681033,161,0,0,0,0,0,0,11,0,0,4,84,24,-83
1734186682033,162,0,0,0,0,0,0,11,0,0,4,81,27,-88
1734186683032,163,0,0,0,0,0,0,11,0,0,4,79,30,-88
1734186684030,164,0,0,0,0,0,0,11,0,0,4,77,32,-88
1734186685029,165,0,0,0,0,0,0,11,0,0,4,76,36,-88
1734186686028,166,0,0,0,0,0,0,11,0,0,4,75,37,-88
1734186687027,167,0,0,0,0,0,0,11,0,0,4,74,33,-88
1734186688026,168,0,0,0,0,0,0,11,0,0,4,75,17,-88
1734186689024,169,0,0,0,0,0,0,11,0,0,4,73,29,-88
1734186690023,170,0,0,0,0,0,0,11,0,0,4,72,32,-88
1734186691022,171,0,0,0,0,0,0,11,0,0,4,72,31,-88
1734186692021,172,0,0,0,0,0,0,11,0,0,4,72,27,-88
1734186693020,173,0,0,0,0,0,0,11,0,0,4,71,22,-88
1734186694019,174,0,0,0,0,0,0,11,0,0,4,71,19,-88
1734186695017,175,0,0,0,0,0,0,11,0,0,4,71,16,-88
1734186696016,176,0,0,0,0,0,0,11,0,0,4,70,13,-88
1734186697015,177,0,0,0,0,0,0,11,0,0,4,70,12,-88
1734186698014,178,1,0,0,0,0,0,11,0,0,4,70,12,-88
1734186698014,179,1,0,0,0,0,0,11,0,0,4,70,11,-88
1734186699013,180,1,0,0,0,0,0,11,0,0,4,70,13,-88
1734186700011,181,1,0,0,0,0,0,11,0,0,4,71,47,-88
1734186701010,182,1,0,0,0,0,0,11,0,0,4,70,47,-88
1734186702009,183,1,0,0,0,0,0,11,0,0,4,70,46,-88
1734186703008,184,1,0,0,0,0,0,11,0,0,4,70,43,-88
1734186704006,185,1,0,0,0,0,0,11,0,0,4,69,40,-88
1734186705005,186,0,0,0,0,0,0,11,0,0,4,69,40,-88
1734186705005,187,0,0,0,0,0,0,11,0,0,4,70,35,-88
1734186706004,188,1,0,0,0,0,0,11,0,0,4,70,35,-88
1734186706004,189,1,0,0,0,0,0,11,0,0,4,69,30,-88
1734186707003,190,1,0,0,0,0,0,11,0,0,4,69,23,-78
1734186708002,191,1,0,0,0,0,0,11,0,0,4,69,19,-78
1734186709040,192,1,0,0,0,0,0,11,0,0,4,70,16,-78
1734186710039,193,1,0,0,0,0,0,11,0,0,5,70,16,-78
1734186710039,194,1,0,0,0,0,0,11,0,0,5,71,14,-78
1734186711038,195,1,0,0,0,0,0,11,0,0,5,74,14,-78
1734186712036,196,0,0,0,0,0,0,11,0,0,5,74,14,-78
1734186712037,197,0,0,0,0,0,0,11,0,0,5,75,14,-78
1734186713035,198,0,0,0,0,0,0,11,0,0,5,77,15,-78
1734186714034,199,0,0,0,0,0,0,11,0,0,5,78,16,-78
1734186715033,200,0,0,0,0,0,0,11,0,0,5,79,23,-78
1734186716033,201,0,0,0,0,0,0,11,0,0,5,78,26,-78
1734186717031,202,1,0,0,0,0,0,11,0,0,5,78,26,-78
1734186717032,203,1,0,0,0,0,0,11,0,0,5,77,33,-78
1734186718030,204,1,0,0,0,0,0,11,0,0,5,77,35,-78
1734186719029,205,1,0,0,0,0,0,11,0,0,5,78,36,-78
1734186720028,206,1,0,0,0,0,0,11,0,0,5,79,34,-78
1734186721027,207,1,0,0,0,0,0,11,0,0,5,81,32,-78
1734186722025,208,1,0,0,0,0,0,11,0,0,5,82,31,-78
1734186723024,209,1,0,0,0,0,0,11,0,0,5,83,29,-78
1734186724023,210,1,0,0,0,0,0,11,0,0,5,83,27,-78
1734186725022,211,1,0,0,0,0,0,11,0,0,5,83,25,-78
1734186726020,212,0,0,0,0,0,0,11,0,0,5,83,25,-78
1734186727019,213,0,0,0,0,0,0,11,0,0,5,85,25,-78
1734186728018,214,0,0,0,0,0,0,11,0,0,5,86,26,-78
1734186729017,215,0,0,0,0,0,0,11,0,0,5,87,26,-78
1734186730016,216,1,0,0,0,0,0,11,0,0,5,87,26,-84
1734186730016,217,1,0,0,0,0,0,11,0,0,5,88,27,-84
1734186732013,218,1,0,0,0,0,0,11,0,0,5,89,27,-84
1734186734011,219,1,0,0,0,0,0,11,0,0,5,89,26,-84
1734186735010,220,1,0,0,0,0,0,11,0,0,5,89,24,-84
1734186736009,221,1,0,0,0,0,0,11,0,0,5,89,22,-84
1734186737007,222,1,0,0,0,0,0,11,0,0,5,89,19,-84
1734186738006,223,0,0,0,0,0,0,11,0,0,5,89,19,-84
1734186738006,224,0,0,0,0,0,0,11,0,0,5,89,18,-84
1734186739005,225,1,0,0,0,0,0,11,0,0,5,89,18,-84
1734186739005,226,1,0,0,0,0,0,11,0,0,5,88,15,-84
1734186740004,227,1,0,0,0,0,0,11,0,0,5,87,13,-84
1734186741003,228,1,0,0,0,0,0,11,0,0,5,87,14,-84
1734186742002,229,1,0,0,0,0,0,11,0,0,5,87,15,-84
1734186744039,230,1,0,0,0,0,0,11,0,0,5,89,16,-84
1734186746037,231,0,0,0,0,0,0,11,0,0,5,89,16,-84
1734186746037,232,0,0,0,0,0,0,11,0,0,5,90,16,-84
1734186747035,233,0,0,0,0,0,0,11,0,0,5,91,15,-84
1734186748034,234,0,0,0,0,0,0,11,0,0,5,91,13,-84
1734186749033,235,0,0,0,0,0,0,11,0,0,5,90,11,-84
1734186750033,236,0,0,0,0,0,0,11,0,0,6,90,11,-84
1734186750033,237,0,0,0,0,0,0,11,0,0,6,87,11,-84
1734186751032,238,0,0,0,0,0,0,11,0,0,6,86,11,-84
1734186752030,239,0,0,0,0,0,0,11,0,0,6,85,11,-84
1734186753029,240,0,0,0,0,0,0,11,0,0,6,84,12,-90
1734186754028,241,0,0,0,0,0,0,11,0,0,6,82,12,-90
1734186755027,242,0,0,0,0,0,0,11,0,0,6,80,13,-90
1734186756025,243,1,0,0,0,0,0,11,0,0,6,80,13,-90
1734186756026,244,1,0,0,0,0,0,11,0,0,6,81,13,-90
1734186757024,245,1,0,0,0,0,0,11,0,0,6,80,13,-90
1734186758023,246,2,0,0,3,4,0,11,2,0,6,80,13,-90
1734186758023,247,2,0,0,3,4,0,11,2,0,6,79,14,-90
1734186759022,248,2,0,0,4,6,0,11,3,0,6,79,14,-90
1734186760021,249,2,0,0,4,7,0,11,4,0,6,79,14,-90
1734186760021,250,2,0,0,4,7,0,11,4,0,6,78,15,-90
1734186761019,251,1,0,0,0,8,0,11,4,0,6,78,15,-90
1734186761020,252,1,0,0,0,8,0,11,4,0,6,77,14,-90
1734186763017,253,1,0,0,0,8,0,11,4,0,6,77,13,-90
1734186764016,254,1,0,0,0,8,0,11,4,0,6,77,12,-90
1734186765015,255,0,0,0,0,8,0,11,4,0,6,77,12,-90
1734186765015,256,0,0,0,0,8,0,11,4,0,6,78,10,-90
1734186766014,257,0,0,0,0,8,0,11,4,0,6,87,1,-90
1734186767012,258,0,0,0,0,8,0,11,4,0,6,88,1,-90
1734186768011,259,0,0,0,0,8,0,11,4,0,6,89,1,-90
1734186769010,260,0,0,0,0,8,0,11,4,0,6,90,1,-90
1734186770008,261,0,0,0,0,8,0,11,4,0,6,91,1,-90
1734186771007,262,0,0,0,0,8,0,11,4,0,6,83,8,-90
1734186772006,263,0,0,0,0,8,0,11,4,0,6,82,10,-90
1734186773005,264,0,0,0,0,8,0,11,4,0,6,82,11,-90
1734186774003,265,0,0,0,0,8,0,11,4,0,6,80,12,-89
1734186775002,266,0,0,0,0,8,0,11,4,0,6,78,12,-89
1734186776041,267,0,0,0,0,8,0,11,4,0,6,78,13,-89
1734186777040,268,0,0,0,0,8,0,11,4,0,6,77,15,-89
1734186778038,269,0,0,0,0,8,0,11,4,0,6,76,18,-89
1734186779037,270,0,0,0,0,8,0,11,4,0,6,75,22,-89
1734186780041,271,0,0,0,0,8,0,11,4,0,6,74,24,-89
1734186781035,272,0,0,0,0,8,0,11,4,0,6,73,26,-89
1734186782033,273,0,0,0,0,8,0,11,4,0,6,74,27,-89
1734186783033,274,0,0,0,0,8,0,11,4,0,6,73,27,-89
1734186784032,275,0,0,0,0,8,0,11,4,0,6,74,28,-89
1734186785031,276,0,0,0,0,8,0,11,4,0,6,74,30,-89
1734186786029,277,0,0,0,0,8,0,11,4,0,7,74,30,-89
1734186786030,278,0,0,0,0,8,0,11,4,0,7,75,31,-89
1734186787028,279,0,0,0,0,8,0,11,4,0,7,75,32,-89
1734186788027,280,0,0,0,0,8,0,11,4,0,7,75,34,-89
1734186789026,281,0,0,0,0,8,0,11,4,0,7,75,35,-89
1734186790025,282,0,0,0,0,8,0,11,4,0,7,76,36,-89
1734186791031,283,0,0,0,0,8,0,11,4,0,7,76,37,-89
1734186792022,284,0,0,0,0,8,0,11,4,0,7,76,38,-89
1734186794020,285,0,0,0,0,8,0,11,4,0,7,76,39,-89
1734186796017,286,0,0,0,0,8,0,11,4,0,7,75,39,-89
1734186797016,287,0,0,0,0,8,0,11,4,0,7,75,40,-89
1734186799014,288,0,0,0,0,8,0,11,4,0,7,75,39,-89
1734186800012,289,0,0,0,0,8,0,11,4,0,7,74,37,-85
1734186801011,290,0,0,0,0,8,0,11,4,0,7,74,34,-85
1734186802010,291,0,0,0,0,8,0,11,4,0,7,75,31,-85
1734186803009,292,0,0,0,0,8,0,11,4,0,7,75,30,-85
1734186804008,293,0,0,0,0,8,0,11,4,0,7,76,28,-85
1734186805006,294,0,0,0,0,8,0,11,4,0,7,76,29,-85
1734186806005,295,0,0,0,0,8,0,11,4,0,7,76,31,-85
1734186808003,296,0,0,0,0,8,0,11,4,0,7,75,31,-85
1734186809001,297,0,0,0,0,8,0,11,4,0,7,75,30,-85
1734186810040,298,0,0,0,0,8,0,11,4,0,7,74,30,-85
1734186811039,299,0,0,0,0,8,0,11,4,0,7,74,27,-85
1734186812037,300,0,0,0,0,8,0,11,4,0,7,73,29,-85
1734186815034,301,0,0,0,0,8,0,11,4,0,7,72,29,-85
1734186816033,302,0,0,0,0,8,0,11,4,0,7,72,30,-85
1734186817032,303,0,0,0,0,8,0,11,4,0,7,71,30,-85
1734186818031,304,0,0,0,0,8,0,11,4,0,7,71,31,-85
1734186822026,305,0,0,0,0,8,0,11,4,0,7,70,35,-85
1734186823025,306,0,0,0,0,8,0,11,4,0,7,68,56,-85
1734186824024,307,0,0,0,0,8,0,11,4,0,7,68,67,-85
1734186825022,308,0,0,0,0,8,0,11,4,0,7,67,59,-85
1734186826021,309,0,0,0,0,8,0,11,4,0,7,68,59,-86
1734186827020,310,0,0,0,0,8,0,11,4,0,8,68,59,-86
1734186827020,311,0,0,0,0,8,0,11,4,0,8,68,52,-86
1734186828030,312,0,0,0,0,8,0,11,4,0,8,68,57,-86
1734186829026,313,0,0,0,0,8,0,11,4,0,8,68,50,-86
1734186830016,314,0,0,0,0,8,0,11,4,0,8,68,45,-86
1734186831015,315,0,0,0,0,8,0,11,4,0,8,68,39,-86
1734186832013,316,0,0,0,0,8,0,11,4,0,8,69,37,-86
1734186833012,317,0,0,0,0,8,0,11,4,0,8,68,38,-86
1734186834011,318,0,0,0,0,8,0,11,4,0,8,69,45,-86
1734186835010,319,0,0,0,0,8,0,11,4,0,8,69,47,-86
1734186837007,320,0,0,0,0,8,0,11,4,0,8,69,45,-86
1734186838006,321,0,0,0,0,8,0,11,4,0,8,69,44,-86
1734186839005,322,0,0,0,0,8,0,11,4,0,8,68,42,-86
1734186840003,323,0,0,0,0,8,0,11,4,0,8,68,41,-86
1734186843040,324,0,0,0,0,8,0,11,4,0,8,68,42,-86
1734186844039,325,0,0,0,0,8,0,11,4,0,8,68,41,-86
1734186845042,326,0,0,0,0,8,0,11,4,0,8,68,40,-86
1734186846041,327,0,0,0,0,8,0,11,4,0,8,68,39,-86
1734186847035,328,0,0,0,0,8,0,11,4,0,8,68,37,-86
1734186848034,329,0,0,0,0,8,0,11,4,0,8,68,36,-86
1734186849033,330,0,0,0,0,8,0,11,4,0,8,68,35,-86
1734186850032,331,0,0,0,0,8,0,11,4,0,8,68,33,-86
1734186851031,332,0,0,0,0,8,0,11,4,0,8,68,32,-86
1734186853029,333,0,0,0,0,8,0,11,4,0,8,68,31,-86
1734186855026,334,0,0,0,0,8,0,11,4,0,8,68,30,-86
1734186859021,335,0,0,0,0,8,0,11,4,0,8,68,31,-86
1734186860020,336,0,0,0,0,8,0,11,4,0,8,67,32,-86
1734186861018,337,0,0,0,0,8,0,11,4,0,8,68,33,-86
1734186864015,338,0,0,0,0,8,0,11,4,0,8,68,32,-86
1734186867011,339,1,0,0,0,8,0,11,4,0,8,68,32,-86
1734186867011,340,1,0,0,0,8,0,11,4,0,8,68,31,-86
1734186868010,341,1,0,0,0,8,0,11,4,0,9,68,31,-86
1734186868010,342,1,0,0,0,8,0,11,4,0,9,68,30,-86
1734186869008,343,0,0,0,0,8,0,11,4,0,9,68,30,-86
1734186870007,344,0,0,0,0,8,0,11,4,0,9,68,29,-86
1734186872005,345,0,0,0,0,8,0,11,4,0,9,68,28,-86
1734186874002,346,0,0,0,0,8,0,11,4,0,9,69,28,-86
1734186875001,347,0,0,0,0,8,0,11,4,0,9,69,27,-86
1734186877039,348,0,0,0,0,8,0,11,4,0,9,70,26,-86
1734186879036,349,0,0,0,0,8,0,11,4,0,9,71,26,-92
1734186880035,350,0,0,0,0,8,0,11,4,0,9,71,23,-92
1734186881034,351,0,0,0,0,8,0,11,4,0,9,71,24,-92
1734186882033,352,0,0,0,0,8,0,11,4,0,9,72,21,-92
1734186883032,353,0,0,0,0,8,0,11,4,0,9,74,20,-92
1734186884031,354,0,0,0,0,8,0,11,4,0,9,75,21,-92
1734186885030,355,1,0,0,0,8,0,11,4,0,9,75,21,-92
1734186885030,356,1,0,0,0,8,0,11,4,0,9,77,24,-92
1734186886029,357,1,0,0,0,8,0,11,4,0,9,77,25,-92
1734186887027,358,1,0,0,0,8,0,11,4,0,9,77,27,-92
1734186888026,359,1,0,0,0,8,0,11,4,0,9,76,27,-92
1734186891022,360,1,0,0,0,8,0,11,4,0,9,76,28,-92
1734186892021,361,1,0,0,0,8,0,11,4,0,9,76,29,-92
1734186893020,362,1,0,0,0,8,0,11,4,0,9,76,31,-92
1734186894019,363,1,0,0,0,8,0,11,4,0,9,76,32,-92
1734186895017,364,1,0,0,0,8,0,11,4,0,9,76,29,-92
1734186896015,365,4,0,0,0,8,0,12,4,0,9,76,29,-92
1734186896016,366,4,0,0,0,8,0,12,4,0,9,78,28,-92
1734186897014,367,4,0,0,0,8,0,14,4,0,9,78,28,-92
1734186897014,368,4,0,0,0,8,0,14,4,0,9,79,28,-92
1734186898013,369,4,0,0,0,8,0,16,4,0,9,79,28,-92
1734186898014,370,4,0,0,0,8,0,16,4,0,9,82,28,-92
1734186899011,371,4,0,0,0,8,0,19,4,0,9,82,28,-92
1734186899011,372,4,0,0,0,8,0,19,4,0,9,83,30,-92
1734186900010,373,4,0,0,0,8,0,22,4,0,9,83,30,-89
1734186900010,374,4,0,0,0,8,0,22,4,0,9,85,31,-89
1734186901008,375,4,0,0,0,8,0,24,4,0,9,85,31,-89
1734186901009,376,4,0,0,0,8,0,24,4,0,9,85,30,-89
1734186902007,377,4,0,0,0,8,0,27,4,0,9,85,30,-89
1734186903006,378,4,0,0,0,8,0,29,4,0,9,85,30,-89
1734186903006,379,4,0,0,0,8,0,29,4,0,9,84,31,-89
1734186904005,380,4,0,0,0,8,0,32,4,0,9,84,31,-89
1734186904005,381,4,0,0,0,8,0,32,4,0,9,83,31,-89
1734186905004,382,4,0,0,0,8,0,34,4,0,9,83,31,-89
1734186905004,383,4,0,0,0,8,0,34,4,0,9,82,29,-89
1734186906002,384,4,0,0,0,8,0,37,4,0,9,82,29,-89
1734186906003,385,4,0,0,0,8,0,37,4,0,9,82,31,-89
1734186907001,386,4,0,0,0,8,0,40,4,0,10,82,31,-89
1734186907001,387,4,0,0,0,8,0,40,4,0,10,81,31,-89
1734186908040,388,0,0,0,0,8,0,40,4,0,10,81,31,-89
1734186908040,389,0,0,0,0,8,0,40,4,0,10,80,32,-89
1734186909039,390,0,0,0,0,8,0,40,4,0,10,78,34,-89
1734186910038,391,0,0,0,0,8,0,40,4,0,10,78,35,-89
1734186911036,392,0,0,0,0,8,0,40,4,0,10,77,36,-89
1734186913034,393,0,0,0,0,8,0,40,4,0,10,76,37,-89
1734186914033,394,0,0,0,0,8,0,40,4,0,10,76,32,-89
1734186915033,395,0,0,0,0,8,0,40,4,0,10,77,26,-89
1734186916031,396,0,0,0,0,8,0,40,4,0,10,78,24,-89
1734186917030,397,0,0,0,0,8,0,40,4,0,10,78,23,-89
1734186920026,398,0,0,0,0,8,0,40,4,0,10,79,20,-89
1734186921025,399,0,0,0,0,8,0,40,4,0,10,79,19,-89
1734186922024,400,0,0,0,0,8,0,40,4,0,10,81,18,-89
1734186923023,401,0,0,0,0,8,0,40,4,0,10,82,17,-84
1734186924021,402,0,0,0,0,8,0,40,4,0,10,84,19,-84
1734186925020,403,1,0,0,0,8,0,40,4,0,10,84,19,-84
1734186925020,404,1,0,0,0,8,0,40,4,0,10,85,19,-84
1734186926019,405,1,0,0,0,8,0,40,4,0,10,85,20,-84
1734186928017,406,1,0,0,0,8,0,40,4,0,10,85,19,-84
1734186929015,407,1,0,0,0,8,0,40,4,0,10,85,18,-84
1734186930014,408,1,0,0,0,8,0,40,4,0,10,86,18,-84
1734186931013,409,0,0,0,0,8,0,40,4,0,10,86,18,-84
1734186931013,410,0,0,0,0,8,0,40,4,0,10,87,18,-84
1734186932012,411,0,0,0,0,8,0,40,4,0,10,88,18,-84
1734186933010,412,0,0,0,0,8,0,40,4,0,10,89,19,-84
1734186934009,413,0,0,0,0,8,0,40,4,0,10,90,18,-84
1734186935008,414,0,0,0,0,8,0,40,4,0,10,91,20,-84
1734186936006,415,1,0,0,0,8,0,40,4,0,10,91,20,-84
1734186937005,416,0,0,0,0,8,0,40,4,0,10,91,20,-84
1734186937005,417,0,0,0,0,8,0,40,4,0,10,91,22,-84
1734186939002,418,0,0,0,0,8,0,40,4,0,10,91,23,-84
1734186940040,419,1,0,0,0,8,0,40,4,0,10,91,23,-84
1734186940041,420,1,0,0,0,8,0,40,4,0,10,91,24,-84
1734186942037,421,1,0,0,0,8,0,40,4,0,10,91,25,-84
1734186944034,422,0,0,0,0,8,0,40,4,0,10,91,25,-84
1734186947031,423,0,0,0,0,8,0,40,4,0,11,91,25,-87
1734186950027,424,0,0,0,0,8,0,40,4,0,11,92,25,-87
1734186952023,425,1,0,0,0,8,0,40,4,0,11,92,25,-87
1734186953022,426,1,0,0,0,8,0,40,4,0,11,91,25,-87
1734186954020,427,0,0,0,0,8,0,40,4,0,11,91,25,-87
1734186955019,428,0,0,0,0,8,0,40,4,0,11,90,25,-87
1734186957016,429,0,0,0,0,8,0,40,4,0,11,89,26,-87
1734186958015,430,0,0,0,0,8,0,40,4,0,11,89,25,-87
1734186959013,431,1,0,0,0,8,0,40,4,0,11,89,25,-87
1734186959013,432,1,0,0,0,8,0,40,4,0,11,89,24,-87
1734186960012,433,0,0,0,0,8,0,40,4,0,11,89,24,-87
1734186960013,434,0,0,0,0,8,0,40,4,0,11,88,23,-87
1734186962009,435,1,0,0,0,8,0,40,4,0,11,88,23,-87
1734186962009,436,1,0,0,0,8,0,40,4,0,11,88,22,-87
1734186967002,437,1,0,0,0,8,0,40,4,0,11,89,23,-87
1734186968041,438,1,0,0,0,8,0,40,4,0,11,88,23,-87
1734186969039,439,1,0,0,0,8,0,40,4,0,11,89,23,-89
1734186971037,440,1,0,0,0,8,0,40,4,0,11,90,30,-89
1734186972035,441,4,0,0,0,8,0,41,4,0,11,90,30,-89
1734186972036,442,4,0,0,0,8,0,41,4,0,11,90,31,-89
1734186973034,443,4,0,0,0,8,0,43,4,0,11,90,31,-89
1734186973035,444,4,0,0,0,8,0,43,4,0,11,90,24,-89
1734186974033,445,4,0,0,0,8,0,46,4,0,11,90,24,-89
1734186974033,446,4,0,0,0,8,0,46,4,0,11,91,28,-89
1734186975033,447,4,0,0,0,8,0,49,4,0,11,91,28,-89
1734186975033,448,4,0,0,0,8,0,49,4,0,11,92,28,-89
1734186976032,449,0,0,0,0,8,0,50,4,0,11,92,28,-89
1734186976033,450,0,0,0,0,8,0,50,4,0,11,92,27,-89
1734186977031,451,0,0,0,0,8,0,50,4,0,11,92,29,-89
1734186978029,452,0,0,0,0,8,0,50,4,0,11,91,24,-89
1734186979028,453,1,0,0,0,8,0,50,4,0,11,91,24,-89
1734186979028,454,1,0,0,0,8,0,50,4,0,11,90,24,-89
1734186980027,455,1,0,0,0,8,0,50,4,0,11,88,24,-89
1734186981026,456,1,0,0,0,8,0,50,4,0,11,86,24,-89
1734186982024,457,0,0,0,0,8,0,50,4,0,11,86,24,-89
1734186982025,458,0,0,0,0,8,0,50,4,0,11,84,27,-89
1734186983023,459,1,0,0,0,8,0,50,4,0,11,84,27,-89
1734186983024,460,1,0,0,0,8,0,50,4,0,11,82,29,-89
1734186984022,461,1,0,0,0,8,0,50,4,0,11,80,31,-89
1734186985021,462,1,0,0,0,8,0,50,4,0,11,79,31,-89
1734186986019,463,1,0,0,0,8,0,50,4,0,11,78,31,-89
1734186987018,464,1,0,0,0,8,0,50,4,0,12,78,31,-89
1734186987018,465,1,0,0,0,8,0,50,4,0,12,77,30,-89
1734186988017,466,1,0,0,0,8,0,50,4,0,12,76,31,-89
1734186990014,467,1,0,0,0,8,0,50,4,0,12,75,32,-89
1734186991013,468,1,0,0,0,8,0,50,4,0,12,75,33,-83
1734186992012,469,1,0,0,0,8,0,50,4,0,12,75,34,-83
1734186993010,470,0,0,0,0,8,0,51,4,0,12,75,34,-83
1734186993011,471,0,0,0,0,8,0,51,4,0,12,74,34,-83
1734186994009,472,1,0,0,0,8,0,51,4,0,12,74,34,-83
1734186994009,473,1,0,0,0,8,0,51,4,0,12,75,33,-83
1734186995008,474,1,0,0,0,8,0,51,4,0,12,75,32,-83
1734186996007,475,0,0,0,0,8,0,51,4,0,12,75,32,-83
1734186996007,476,0,0,0,0,8,0,51,4,0,12,75,31,-83
1734186998004,477,0,0,0,0,8,0,51,4,0,12,75,30,-83
1734186999003,478,0,0,0,0,8,0,51,4,0,12,75,29,-83
1734187000002,479,0,0,0,0,8,0,51,4,0,12,75,28,-83
1734187002039,480,0,0,0,0,8,0,51,4,0,12,75,27,-83
1734187004037,481,1,0,0,0,8,0,51,4,0,12,75,27,-83
1734187004037,482,1,0,0,0,8,0,51,4,0,12,75,28,-83
1734187005035,483,0,0,0,0,8,0,51,4,0,12,75,28,-83
1734187005036,484,0,0,0,0,8,0,51,4,0,12,76,29,-83
1734187006034,485,0,0,0,0,8,0,51,4,0,12,76,30,-83
1734187007033,486,0,0,0,0,8,0,51,4,0,12,77,26,-83
1734187008032,487,0,0,0,0,8,0,51,4,0,12,78,30,-83
1734187009031,488,0,0,0,0,8,0,51,4,0,12,78,32,-83
1734187010029,489,0,0,0,0,8,0,51,4,0,12,78,30,-83
1734187011027,490,1,0,0,0,8,0,51,4,0,12,78,30,-83
1734187011028,491,1,0,0,0,8,0,51,4,0,12,79,28,-83
1734187012026,492,1,0,0,0,8,0,51,4,0,12,80,27,-83
1734187013025,493,1,0,0,0,8,0,51,4,0,12,80,28,-83
1734187014024,494,1,0,0,0,8,0,51,4,0,12,81,25,-82
1734187015022,495,1,0,0,0,8,0,51,4,0,12,82,25,-82
1734187016021,496,0,0,0,0,8,0,51,4,0,12,82,25,-82
1734187016021,497,0,0,0,0,8,0,51,4,0,12,83,25,-82
1734187017020,498,0,0,0,0,8,0,51,4,0,12,84,24,-82
1734187018018,499,0,0,0,0,8,0,51,4,0,12,85,24,-82
1734187019017,500,0,0,0,0,8,0,51,4,0,12,87,24,-82
1734187020016,501,1,0,0,0,8,0,51,4,0,12,87,24,-82
1734187020016,502,1,0,0,0,8,0,51,4,0,12,88,25,-82
1734187021015,503,1,0,0,0,8,0,51,4,0,12,89,27,-82
1734187022014,504,1,0,0,0,8,0,51,4,0,12,90,28,-82
1734187023012,505,1,0,0,0,8,0,51,4,0,12,91,29,-82
1734187024011,506,1,0,0,0,8,0,51,4,0,12,92,30,-82
1734187025010,507,1,0,0,0,8,0,51,4,0,12,92,32,-82
1734187026009,508,1,0,0,0,8,0,51,4,0,12,93,33,-82
1734187027007,509,1,0,0,0,8,0,51,4,0,13,93,33,-82
1734187027008,510,1,0,0,0,8,0,51,4,0,13,93,35,-82
1734187029005,511,0,0,0,0,8,0,51,4,0,13,93,35,-82
1734187030004,512,0,0,0,0,8,0,51,4,0,13,92,36,-82
1734187031003,513,0,0,0,0,8,0,51,4,0,13,91,49,-82
1734187032001,514,0,0,0,0,8,0,51,4,0,13,88,21,-82
1734187033040,515,0,0,0,0,8,0,51,4,0,13,85,37,-82
1734187034039,516,0,0,0,0,8,0,51,4,0,13,86,17,-82
1734187035038,517,0,0,0,0,8,0,51,4,0,13,86,10,-82
1734187036036,518,1,0,0,0,8,0,51,4,0,13,86,10,-82
1734187036037,519,1,0,0,0,8,0,51,4,0,13,87,4,-82
1734187037035,520,1,0,0,0,8,0,51,4,0,13,87,68,-82
1734187038034,521,1,0,0,0,8,0,51,4,0,13,88,62,-85
1734187039033,522,1,0,0,0,8,0,51,4,0,13,88,56,-85
1734187040033,523,1,0,0,0,8,0,51,4,0,13,89,51,-85
1734187041031,524,1,0,0,0,8,0,51,4,0,13,89,48,-85
1734187042030,525,1,0,0,0,8,0,51,4,0,13,89,45,-85
1734187043029,526,1,0,0,0,8,0,51,4,0,13,90,44,-85
1734187044028,527,1,0,0,0,8,0,51,4,0,13,90,37,-85
1734187045027,528,1,0,0,0,8,0,51,4,0,13,89,40,-85
1734187046025,529,4,0,0,0,8,0,52,4,0,13,89,40,-85
1734187046026,530,4,0,0,0,8,0,52,4,0,13,89,29,-85
1734187047024,531,4,0,0,0,8,0,55,4,0,13,89,29,-85
1734187047025,532,4,0,0,0,8,0,55,4,0,13,90,26,-85
1734187048023,533,0,0,0,0,8,0,56,4,0,13,90,26,-85
1734187048023,534,0,0,0,0,8,0,56,4,0,13,90,23,-85
1734187049022,535,1,0,0,0,8,0,56,4,0,13,90,23,-85
1734187049022,536,1,0,0,0,8,0,56,4,0,13,90,18,-85
1734187050021,537,1,0,0,0,8,0,56,4,0,13,89,16,-85
1734187051020,538,1,0,0,0,8,0,56,4,0,13,88,15,-85
1734187052018,539,1,0,0,0,8,0,56,4,0,13,87,14,-85
1734187053017,540,0,0,0,0,8,0,56,4,0,13,87,14,-85
1734187053017,541,0,0,0,0,8,0,56,4,0,13,86,14,-85
1734187054016,542,0,0,0,0,8,0,56,4,0,13,84,14,-85
1734187055015,543,0,0,0,0,8,0,56,4,0,13,84,15,-85
1734187056014,544,0,0,0,0,8,0,56,4,0,13,85,16,-85
1734187057012,545,0,0,0,0,8,0,56,4,0,13,86,17,-85
1734187058011,546,0,0,0,0,8,0,56,4,0,13,86,16,-85
1734187060009,547,0,0,0,0,8,0,56,4,0,13,85,15,-85
1734187061008,548,0,0,0,0,8,0,56,4,0,13,84,15,-85
1734187062007,549,0,0,0,0,8,0,56,4,0,13,83,15,-65
1734187063006,550,0,0,0,0,8,0,56,4,0,13,82,15,-65
1734187064004,551,0,0,0,0,8,0,56,4,0,13,82,16,-65
1734187065003,552,0,0,0,0,8,0,56,4,0,13,82,17,-65
1734187066002,553,0,0,0,0,8,0,56,4,0,13,84,17,-65
1734187067040,554,1,0,0,0,8,0,56,4,0,13,84,17,-65
1734187067041,555,1,0,0,0,8,0,56,4,0,13,85,18,-65
1734187068039,556,1,0,0,0,8,0,56,4,0,14,85,18,-65
1734187068039,557,1,0,0,0,8,0,56,4,0,14,86,20,-65
1734187069037,558,0,0,0,0,8,0,56,4,0,14,86,20,-65
1734187069038,559,0,0,0,0,8,0,56,4,0,14,87,20,-65
1734187070036,560,0,0,0,0,8,0,56,4,0,14,87,18,-65
1734187071035,561,0,0,0,0,8,0,56,4,0,14,89,18,-65
1734187072033,562,0,0,0,0,8,0,56,4,0,14,90,15,-65
1734187073033,563,0,0,0,0,8,0,56,4,0,14,97,1,-65
1734187075030,564,1,0,0,0,8,0,56,4,0,14,97,1,-65
1734187077027,565,0,0,0,0,8,0,56,4,0,14,97,1,-65
1734187078026,566,0,0,0,0,8,0,56,4,0,14,90,17,-65
1734187082021,567,0,0,0,0,8,0,56,4,0,14,91,17,-65
1734187084019,568,0,0,0,0,8,0,56,4,0,14,91,18,-65
1734187085017,569,0,0,0,0,8,0,56,4,0,14,90,19,-65
1734187087015,570,0,0,0,0,8,0,56,4,0,14,90,20,-67
1734187088014,571,0,0,0,0,8,0,56,4,0,14,89,21,-67
1734187092009,572,0,0,0,0,8,0,56,4,0,14,89,31,-67
1734187093008,573,0,0,0,0,8,0,56,4,0,14,89,24,-67
1734187096004,574,0,0,0,0,8,0,56,4,0,14,89,23,-67
1734187097003,575,0,0,0,0,8,0,56,4,0,14,88,23,-67
1734187098002,576,0,0,0,0,8,0,56,4,0,14,88,24,-67
1734187101038,577,0,0,0,0,8,0,56,4,0,14,89,25,-67
1734187102037,578,0,0,0,0,8,0,56,4,0,14,89,35,-67
1734187103036,579,0,0,0,0,8,0,56,4,0,14,89,33,-67
1734187104034,580,0,0,0,0,8,0,56,4,0,14,90,33,-67
1734187105033,581,0,0,0,0,8,0,56,4,0,14,90,29,-67
1734187106033,582,1,0,0,0,8,0,56,4,0,14,90,29,-67
1734187106033,583,1,0,0,0,8,0,56,4,0,14,90,30,-67
1734187108030,584,1,0,0,0,8,0,56,4,0,15,90,30,-67
1734187108031,585,1,0,0,0,8,0,56,4,0,15,89,22,-67
1734187110090,586,0,0,0,0,8,0,56,4,0,15,89,22,-67
1734187111036,587,0,0,0,0,8,0,56,4,0,15,89,21,-71
-19793037,0,1,0,0,0,0,0,0,0,0,0,60,0,-71
-19790786,1,0,0,0,0,0,0,0,0,0,0,60,0,-71
1734187268019,2,1,0,0,0,0,0,0,0,0,0,60,0,-76
1734187269498,3,1,0,0,0,0,0,0,0,0,0,60,1,-76
1734187270017,4,1,0,0,0,0,0,0,0,0,0,67,1,-76
1734187271016,5,1,0,0,0,0,0,0,0,0,0,60,72,-76
1734187272015,6,0,0,0,0,0,0,0,0,0,0,60,58,-76
1734187273014,7,0,0,0,0,0,0,0,0,0,0,60,52,-76
1734187274013,8,0,0,0,0,0,0,0,0,0,0,62,61,-76
1734187275012,9,0,0,0,0,0,0,0,0,0,0,71,72,-76
1734187276011,10,0,0,0,0,0,0,0,0,0,0,74,63,-76
1734187277009,11,0,0,0,0,0,0,0,0,0,0,72,43,-76
1734187278008,12,0,0,0,0,0,0,0,0,0,0,72,44,-76
1734187279007,13,0,0,0,0,0,0,0,0,0,0,70,51,-76
1734187280006,14,0,0,0,0,0,0,0,0,0,0,69,60,-76
1734187281005,15,0,0,0,0,0,0,0,0,0,0,68,39,-76
1734187282003,16,1,0,0,0,0,0,0,0,0,0,69,32,-76
1734187283002,17,1,0,0,0,0,0,0,0,0,0,68,26,-76
1734187284041,18,1,0,0,0,0,0,0,0,0,0,67,39,-76
1734187285040,19,0,0,0,0,0,0,0,0,0,0,67,43,-76
1734187286038,20,1,0,0,0,0,0,0,0,0,1,68,50,-76
1734187287037,21,1,0,0,0,0,0,0,0,0,1,91,1,-76
1734187288036,22,1,0,0,0,0,0,0,0,0,1,95,1,-76
1734187289035,23,1,0,0,0,0,0,0,0,0,1,100,1,-76
1734187290033,24,0,0,0,0,0,0,0,0,0,1,105,1,-76
1734187291032,25,0,0,0,0,0,0,0,0,0,1,110,1,-76
1734187292031,26,0,0,0,0,0,0,0,0,0,1,115,1,-76
1734187293030,27,0,0,0,0,0,0,0,0,0,1,120,1,-76
1734187294029,28,0,0,0,0,0,0,0,0,0,1,125,1,-79
1734187295032,29,0,0,0,0,0,0,0,0,0,1,130,1,-79
1734187296026,30,0,0,0,0,0,0,0,0,0,1,134,1,-79
1734187297025,31,0,0,0,0,0,0,0,0,0,1,139,1,-79
1734187298024,32,0,0,0,0,0,0,0,0,0,1,144,1,-79
1734187299022,33,0,0,0,0,0,0,0,0,0,1,149,1,-79
1734187300021,34,0,0,0,0,0,0,0,0,0,1,154,1,-79
1734187301020,35,0,0,0,0,0,0,0,0,0,1,159,1,-79
1734187302019,36,0,0,0,0,0,0,0,0,0,1,163,1,-79
1734187303018,37,0,0,0,0,0,0,0,0,0,1,168,1,-79
1734187304016,38,0,0,0,0,0,0,0,0,0,1,173,1,-79
1734187305015,39,0,0,0,0,0,0,0,0,0,1,178,1,-79
1734187306014,40,0,0,0,0,0,0,0,0,0,1,183,1,-79
1734187307014,41,0,0,0,0,0,0,0,0,0,1,188,1,-79
1734187308016,42,0,0,0,0,0,0,0,0,0,1,192,1,-79
1734187309013,43,0,0,0,0,0,0,0,0,0,1,198,1,-79
1734187310010,44,0,0,0,0,0,0,0,0,0,1,202,1,-79
1734187311009,45,0,0,0,0,0,0,0,0,0,1,207,1,-79
1734187312008,46,1,0,0,0,0,0,0,0,0,1,210,1,-79
1734187313007,47,1,0,0,0,0,0,0,0,0,1,212,1,-79
1734187314005,48,1,0,0,0,0,0,0,0,0,1,213,1,-79
1734187315004,49,0,0,0,0,0,0,0,0,0,1,214,1,-79
1734187316003,50,0,0,0,0,0,0,0,0,0,1,215,1,-79
1734187317002,51,0,0,0,0,0,0,0,0,0,1,214,1,-79
1734187318040,52,0,0,0,0,0,0,0,0,0,1,174,1,-79
1734187319039,53,0,0,0,0,0,0,0,0,0,1,170,1,-79
1734187320038,54,0,0,0,0,0,0,0,0,0,1,166,1,-75
1734187321037,55,0,0,0,0,0,0,0,0,0,1,162,1,-75
1734187322036,56,0,0,0,0,0,0,0,0,0,1,158,1,-75
1734187323034,57,0,0,0,0,0,0,0,0,0,1,154,1,-75
1734187324033,58,0,0,0,0,0,0,0,0,0,1,150,1,-75
1734187325032,59,0,0,0,0,0,0,0,0,0,1,146,1,-75
1734187326030,60,1,0,0,0,0,0,0,0,0,2,142,1,-75
1734187327029,61,1,0,0,0,0,0,0,0,0,2,140,1,-75
1734187328028,62,1,0,0,0,0,0,0,0,0,2,134,1,-75
1734187329027,63,1,0,0,0,0,0,0,0,0,2,129,6,-75
1734187330025,64,1,0,0,0,0,0,0,0,0,2,129,7,-75
1734187331024,65,0,0,0,0,0,0,0,0,0,2,128,10,-75
1734187332023,66,0,0,0,0,0,0,0,0,0,2,127,11,-75
1734187333022,67,0,0,0,0,0,0,0,0,0,2,126,12,-75
1734187334020,68,0,0,0,0,0,0,0,0,0,2,125,14,-75
1734187335019,69,0,0,0,0,0,0,0,0,0,2,124,15,-75
1734187336018,70,0,0,0,0,0,0,0,0,0,2,123,16,-75
1734187337022,71,0,0,0,0,0,0,0,0,0,2,122,16,-75
1734187338021,72,0,0,0,0,0,0,0,0,0,2,121,16,-75
1734187339014,73,0,0,0,0,0,0,0,0,0,2,121,15,-75
1734187340014,74,0,0,0,0,0,0,0,0,0,2,120,1,-75
1734187341013,75,1,0,0,0,0,0,0,0,0,2,119,1,-75
1734187342011,76,1,0,0,0,0,0,0,0,0,2,118,1,-75
1734187343010,77,1,0,0,0,0,0,0,0,0,2,117,1,-75
1734187344009,78,1,0,0,0,0,0,0,0,0,2,116,2,-77
1734187345008,79,1,0,0,0,0,0,0,0,0,2,115,3,-77
1734187346006,80,1,0,0,0,0,0,0,0,0,2,114,3,-77
1734187347005,81,1,0,0,0,0,0,0,0,0,2,113,4,-77
1734187348004,82,1,0,0,0,0,0,0,0,0,2,112,4,-77
1734187349003,83,1,0,0,0,0,0,0,0,0,2,109,13,-77
1734187350001,84,1,0,0,0,0,0,0,0,0,2,108,16,-77
1734187351040,85,0,0,0,0,0,0,0,0,0,2,108,16,-77
1734187352040,86,0,0,0,0,0,0,0,0,0,2,106,15,-77
1734187353038,87,0,0,0,0,0,0,0,0,0,2,105,17,-77
1734187354037,88,1,0,0,0,0,0,0,0,0,2,104,13,-77
1734187355035,89,1,0,0,0,0,0,0,0,0,2,103,13,-77
1734187356034,90,0,0,0,0,0,0,0,0,0,2,101,13,-77
1734187357033,91,0,0,0,0,0,0,0,0,0,2,101,11,-77
1734187358032,92,0,0,0,0,0,0,0,0,0,2,99,12,-77
1734187359030,93,0,0,0,0,0,0,0,0,0,2,96,13,-77
1734187360029,94,0,0,0,0,0,0,0,0,0,2,94,14,-77
1734187361028,95,1,0,0,0,0,0,0,0,0,2,92,17,-77
1734187362027,96,1,0,0,0,0,0,0,0,0,2,90,18,-77
1734187363025,97,0,0,0,0,0,0,0,0,0,2,89,19,-77
1734187364025,98,0,0,0,0,0,0,0,0,0,2,87,20,-77
1734187365023,99,0,0,0,0,0,0,0,0,0,2,85,19,-77
1734187366022,100,0,0,0,0,0,0,0,0,0,3,85,20,-77
1734187367020,101,0,0,0,0,0,0,0,0,0,3,86,19,-77
1734187368019,102,0,0,0,0,0,0,0,0,0,3,86,14,-77
1734187369018,103,0,0,0,0,0,0,0,0,0,3,89,13,-88
1734187370016,104,0,0,0,0,0,0,0,0,0,3,90,13,-88
1734187372018,105,0,0,0,0,0,0,0,0,0,3,88,11,-88
1734187373014,106,0,0,0,0,0,0,0,0,0,3,87,11,-88
1734187374012,107,0,0,0,0,0,0,0,0,0,3,86,12,-88
1734187375011,108,0,0,0,0,0,0,0,0,0,3,85,15,-88
1734187376009,109,0,0,0,0,0,0,0,0,0,3,84,16,-88
1734187377008,110,0,0,0,0,0,0,0,0,0,3,83,18,-88
1734187378007,111,0,0,0,0,0,0,0,0,0,3,83,19,-88
1734187379005,112,0,0,0,0,0,0,0,0,0,3,81,19,-88
1734187380004,113,0,0,0,0,0,0,0,0,0,3,80,20,-88
1734187381002,114,1,0,0,0,0,0,0,0,0,3,78,21,-88
1734187382041,115,1,0,0,0,0,0,0,0,0,3,77,22,-88
1734187383039,116,1,0,0,0,0,0,0,0,0,3,77,21,-88
1734187384038,117,1,0,0,0,0,0,0,0,0,3,76,22,-88
1734187385037,118,0,0,0,0,0,0,0,0,0,3,75,22,-88
1734187386035,119,1,0,0,0,0,0,0,0,0,3,75,22,-88
1734187387034,120,1,0,0,0,0,0,0,0,0,3,74,22,-88
1734187388032,121,1,0,0,0,0,0,0,0,0,3,74,23,-88
1734187389031,122,1,0,0,0,0,0,0,0,0,3,73,24,-88
1734187390029,123,1,0,0,0,0,0,0,0,0,3,72,25,-88
1734187391028,124,1,0,0,0,0,0,0,0,0,3,73,26,-88
1734187392026,125,1,0,0,0,0,0,0,0,0,3,73,24,-88
1734187393025,126,1,0,0,0,0,0,0,0,0,3,74,21,-88
1734187394024,127,1,0,0,0,0,0,0,0,0,3,75,18,-84
1734187395022,128,1,0,0,0,0,0,0,0,0,3,79,12,-84
1734187396021,129,1,0,0,0,0,0,0,0,0,3,95,1,-84
1734187397019,130,0,0,0,0,0,0,0,0,0,3,96,1,-84
1734187398018,131,0,0,0,0,0,0,0,0,0,3,97,1,-84
1734187399016,132,0,0,0,0,0,0,0,0,0,3,99,1,-84
1734187400015,133,0,0,0,0,0,0,0,0,0,3,100,1,-84
1734187401014,134,0,0,0,0,0,0,0,0,0,3,101,1,-84
1734187402013,135,0,0,0,0,0,0,0,0,0,3,82,1,-84
1734187403012,136,0,0,0,0,0,0,0,0,0,3,87,14,-84
1734187404011,137,0,0,0,0,0,0,0,0,0,3,85,13,-84
1734187405009,138,0,0,0,0,0,0,0,0,0,3,85,12,-84
1734187406008,139,1,0,0,0,0,0,0,0,0,3,85,11,-84
1734187407007,140,0,0,0,0,0,0,0,0,0,4,86,11,-84
1734187409005,141,0,0,0,0,0,0,0,0,0,4,88,11,-84
1734187410004,142,0,0,0,0,0,0,0,0,0,4,87,11,-84
1734187411002,143,0,0,0,0,0,0,0,0,0,4,86,12,-84
1734187412041,144,0,0,0,0,0,0,0,0,0,4,84,13,-84
1734187413039,145,0,0,0,0,0,0,0,0,0,4,82,15,-84
1734187414038,146,0,0,0,0,0,0,0,0,0,4,80,22,-84
1734187415036,147,0,0,0,0,0,0,0,0,0,4,78,25,-84
1734187416035,148,0,0,0,0,0,0,0,0,0,4,77,28,-84
1734187417034,149,1,0,0,0,0,0,0,0,0,4,76,30,-84
1734187418033,150,1,0,0,0,0,0,0,0,0,4,75,30,-90
1734187419031,151,1,0,0,0,0,0,0,0,0,4,76,26,-90
1734187420030,152,1,0,0,0,0,0,0,0,0,4,77,24,-90
1734187421028,153,1,0,0,0,0,0,0,0,0,4,79,22,-90
1734187422027,154,1,0,0,0,0,0,0,0,0,4,80,18,-90
1734187423026,155,1,0,0,0,0,0,0,0,0,4,81,16,-90
1734187424025,156,1,0,0,0,0,0,0,0,0,4,83,16,-90
1734187425023,157,1,0,0,0,0,0,0,0,0,4,84,13,-90
1734187426023,158,1,0,0,0,0,0,0,0,0,4,85,13,-90
1734187427021,159,1,0,0,0,0,0,0,0,0,4,85,11,-90
1734187428020,160,4,0,0,0,0,0,2,0,0,4,88,8,-90
1734187429019,161,4,0,0,0,0,0,5,0,0,4,91,5,-90
1734187430018,162,4,0,0,0,0,0,7,0,0,4,91,5,-90
1734187431016,163,4,0,0,0,0,0,10,0,0,4,92,5,-90
1734187432016,164,4,0,0,0,0,0,12,0,0,4,94,6,-90
1734187433014,165,4,0,0,0,0,0,15,0,0,4,94,7,-90
1734187434014,166,4,0,0,0,0,0,18,0,0,4,95,7,-90
1734187435012,167,4,0,0,0,0,0,20,0,0,4,96,8,-90
1734187436012,168,4,0,0,0,0,0,23,0,0,4,97,8,-90
1734187437010,169,4,0,0,0,0,0,26,0,0,4,98,8,-90
1734187438009,170,0,0,0,0,0,0,26,0,0,4,99,9,-90
1734187439007,171,0,0,0,0,0,0,26,0,0,4,101,9,-90
1734187440007,172,0,0,0,0,0,0,26,0,0,4,101,14,-90
1734187441005,173,0,0,0,0,0,0,26,0,0,4,101,12,-90
1734187442004,174,0,0,0,0,0,0,26,0,0,4,102,12,-84
1734187443002,175,0,0,0,0,0,0,26,0,0,4,101,9,-84
1734187444041,176,0,0,0,0,0,0,26,0,0,4,97,10,-84
1734187445040,177,0,0,0,0,0,0,26,0,0,4,98,13,-84
1734187446038,178,0,0,0,0,0,0,26,0,0,4,97,10,-84
1734187447037,179,0,0,0,0,0,0,26,0,0,5,95,11,-84
1734187448035,180,0,0,0,0,0,0,26,0,0,5,94,11,-84
1734187449034,181,0,0,0,0,0,0,26,0,0,5,92,11,-84
1734187450032,182,0,0,0,0,0,0,26,0,0,5,91,11,-84
1734187451031,183,0,0,0,0,0,0,26,0,0,5,89,12,-84
1734187452029,184,0,0,0,0,0,0,26,0,0,5,87,12,-84
1734187453028,185,0,0,0,0,0,0,26,0,0,5,86,12,-84
1734187454026,186,1,0,0,0,0,0,26,0,0,5,85,13,-84
1734187455026,187,1,0,0,0,0,0,26,0,0,5,84,13,-84
1734187456023,188,1,0,0,0,0,0,26,0,0,5,83,13,-84
1734187457023,189,1,0,0,0,0,0,26,0,0,5,81,14,-84
1734187458021,190,1,0,0,0,0,0,26,0,0,5,80,14,-84
1734187459020,191,1,0,0,0,0,0,26,0,0,5,79,14,-84
1734187460018,192,1,0,0,0,0,0,26,0,0,5,79,15,-84
1734187461017,193,1,0,0,0,0,0,26,0,0,5,77,16,-84
1734187462015,194,1,0,0,0,0,0,26,0,0,5,77,15,-84
1734187463014,195,0,0,0,0,0,0,26,0,0,5,78,14,-84
1734187464013,196,0,0,0,0,0,0,26,0,0,5,79,14,-84
1734187465012,197,1,0,0,0,0,0,26,0,0,5,78,15,-84
1734187466010,198,1,0,0,0,0,0,26,0,0,5,78,16,-84
1734187467008,199,1,0,0,0,0,0,26,0,0,5,77,16,-77
1734187468007,200,0,0,0,0,0,0,26,0,0,5,77,17,-77
1734187469005,201,0,0,0,0,0,0,26,0,0,5,76,14,-77
1734187470004,202,0,0,0,0,0,0,26,0,0,5,77,14,-77
1734187471002,203,0,0,0,0,0,0,26,0,0,5,77,17,-77
1734187472041,204,0,0,0,0,0,0,26,0,0,5,76,18,-77
1734187473039,205,0,0,0,0,0,0,26,0,0,5,76,20,-77
1734187474038,206,0,0,0,0,0,0,26,0,0,5,75,21,-77
1734187475036,207,0,0,0,0,0,0,26,0,0,5,74,22,-77
1734187476035,208,0,0,0,0,0,0,26,0,0,5,74,23,-77
1734187480029,209,0,0,0,0,0,0,26,0,0,5,74,22,-77
1734187481028,210,0,0,0,0,0,0,26,0,0,5,72,65,-77
1734187482026,211,0,0,0,0,0,0,26,0,0,5,72,42,-77
1734187483025,212,0,0,0,0,0,0,26,0,0,5,72,41,-77
1734187484023,213,0,0,0,0,0,0,26,0,0,5,72,38,-77
1734187485022,214,0,0,0,0,0,0,26,0,0,5,73,37,-77
1734187486021,215,0,0,0,0,0,0,26,0,0,5,73,35,-77
1734187487019,216,0,0,0,0,0,0,26,0,0,6,73,33,-77
1734187488018,217,0,0,0,0,0,0,26,0,0,6,73,31,-77
1734187489016,218,0,0,0,0,0,0,26,0,0,6,74,29,-77
1734187490015,219,0,0,0,0,0,0,26,0,0,6,74,36,-77
1734187491014,220,0,0,0,0,0,0,26,0,0,6,73,36,-77
1734187492014,221,0,0,0,0,0,0,26,0,0,6,73,37,-86
1734187493011,222,1,0,0,0,0,0,26,0,0,6,73,37,-86
1734187494011,223,1,0,0,0,0,0,26,0,0,6,73,35,-86
1734187495008,224,1,0,0,0,0,0,26,0,0,6,73,29,-86
1734187496008,225,1,0,0,0,0,0,26,0,0,6,74,27,-86
1734187497006,226,0,0,0,0,0,0,26,0,0,6,76,24,-86
1734187498005,227,0,0,0,0,0,0,26,0,0,6,78,23,-86
1734187499003,228,0,0,0,0,0,0,26,0,0,6,80,24,-86
1734187500002,229,0,0,0,0,0,0,26,0,0,6,80,25,-86
1734187501039,230,0,0,0,0,0,0,26,0,0,6,80,26,-86
1734187502038,231,0,0,0,0,0,0,26,0,0,6,79,26,-86
1734187503036,232,0,0,0,0,0,0,26,0,0,6,77,27,-86
1734187504041,233,0,0,0,0,0,0,26,0,0,6,76,27,-86
1734187505033,234,0,0,0,0,0,0,26,0,0,6,75,27,-86
1734187506032,235,0,0,0,0,0,0,26,0,0,6,75,28,-86
1734187507030,236,1,0,0,0,0,0,26,0,0,6,74,28,-86
1734187508029,237,1,0,0,0,0,0,26,0,0,6,73,27,-86
1734187510026,238,1,0,0,0,0,0,26,0,0,6,72,27,-86
1734187511024,239,1,0,0,0,0,0,26,0,0,6,71,28,-86
1734187512023,240,0,0,0,0,0,0,26,0,0,6,71,28,-86
1734187513021,241,0,0,0,0,0,0,26,0,0,6,71,26,-86
1734187514020,242,1,0,0,0,0,0,26,0,0,6,71,28,-86
1734187515018,243,1,0,0,0,0,0,26,0,0,6,70,28,-86
1734187517015,244,1,0,0,0,0,0,26,0,0,6,70,30,-68
1734187518014,245,1,0,0,0,0,0,26,0,0,6,69,31,-68
1734187519013,246,0,0,0,0,0,0,26,0,0,6,69,32,-68
1734187520012,247,1,0,0,0,0,0,26,0,0,6,68,27,-68
1734187521010,248,1,0,0,0,0,0,26,0,0,6,68,26,-68
1734187522009,249,1,0,0,0,0,0,26,0,0,6,68,25,-68
1734187523007,250,1,0,0,0,0,0,26,0,0,6,67,24,-68
1734187524006,251,1,0,0,0,0,0,26,0,0,6,67,25,-68
1734187526003,252,1,0,0,0,0,0,26,0,0,6,66,26,-68
1734187527001,253,0,0,0,0,0,0,26,0,0,7,66,26,-68
1734187528040,254,0,0,0,0,0,0,26,0,0,7,65,27,-68
1734187530037,255,0,0,0,0,0,0,26,0,0,7,65,28,-68
1734187535040,256,0,0,0,0,0,0,26,0,0,7,65,27,-68
1734187536028,257,0,0,0,0,0,0,26,0,0,7,64,27,-68
1734187538027,258,0,0,0,0,0,0,26,0,0,7,64,28,-68
1734187540022,259,0,0,0,0,0,0,26,0,0,7,64,29,-68
1734187541021,260,0,0,0,0,0,0,26,0,0,7,64,30,-68
